image_name,tile_row,tile_col,predicted_count
TCGA-18-5592-01Z-00-DX1,0,0,3
TCGA-18-5592-01Z-00-DX1,0,1,4
TCGA-18-5592-01Z-00-DX1,0,2,3
TCGA-18-5592-01Z-00-DX1,0,3,4
TCGA-18-5592-01Z-00-DX1,0,4,2
TCGA-18-5592-01Z-00-DX1,0,5,2
TCGA-18-5592-01Z-00-DX1,0,6,8
TCGA-18-5592-01Z-00-DX1,0,7,1
TCGA-18-5592-01Z-00-DX1,1,0,1
TCGA-18-5592-01Z-00-DX1,1,1,6
TCGA-18-5592-01Z-00-DX1,1,2,11
TCGA-18-5592-01Z-00-DX1,1,3,3
TCGA-18-5592-01Z-00-DX1,1,4,1
TCGA-18-5592-01Z-00-DX1,1,5,5
TCGA-18-5592-01Z-00-DX1,1,6,3
TCGA-18-5592-01Z-00-DX1,1,7,3
TCGA-18-5592-01Z-00-DX1,2,0,3
TCGA-18-5592-01Z-00-DX1,2,1,7
TCGA-18-5592-01Z-00-DX1,2,2,6
TCGA-18-5592-01Z-00-DX1,2,3,4
TCGA-18-5592-01Z-00-DX1,2,4,5
TCGA-18-5592-01Z-00-DX1,2,5,5
TCGA-18-5592-01Z-00-DX1,2,6,8
TCGA-18-5592-01Z-00-DX1,2,7,5
TCGA-18-5592-01Z-00-DX1,3,0,6
TCGA-18-5592-01Z-00-DX1,3,1,7
TCGA-18-5592-01Z-00-DX1,3,2,4
TCGA-18-5592-01Z-00-DX1,3,3,6
TCGA-18-5592-01Z-00-DX1,3,4,3
TCGA-18-5592-01Z-00-DX1,3,5,6
TCGA-18-5592-01Z-00-DX1,3,6,8
TCGA-18-5592-01Z-00-DX1,3,7,6
TCGA-18-5592-01Z-00-DX1,4,0,7
TCGA-18-5592-01Z-00-DX1,4,1,8
TCGA-18-5592-01Z-00-DX1,4,2,6
TCGA-18-5592-01Z-00-DX1,4,3,7
TCGA-18-5592-01Z-00-DX1,4,4,2
TCGA-18-5592-01Z-00-DX1,4,5,4
TCGA-18-5592-01Z-00-DX1,4,6,4
TCGA-18-5592-01Z-00-DX1,4,7,4
TCGA-18-5592-01Z-00-DX1,5,0,6
TCGA-18-5592-01Z-00-DX1,5,1,6
TCGA-18-5592-01Z-00-DX1,5,2,7
TCGA-18-5592-01Z-00-DX1,5,3,8
TCGA-18-5592-01Z-00-DX1,5,4,5
TCGA-18-5592-01Z-00-DX1,5,5,3
TCGA-18-5592-01Z-00-DX1,5,6,10
TCGA-18-5592-01Z-00-DX1,5,7,6
TCGA-18-5592-01Z-00-DX1,6,0,6
TCGA-18-5592-01Z-00-DX1,6,1,4
TCGA-18-5592-01Z-00-DX1,6,2,10
TCGA-18-5592-01Z-00-DX1,6,3,5
TCGA-18-5592-01Z-00-DX1,6,4,5
TCGA-18-5592-01Z-00-DX1,6,5,7
TCGA-18-5592-01Z-00-DX1,6,6,6
TCGA-18-5592-01Z-00-DX1,6,7,4
TCGA-18-5592-01Z-00-DX1,7,0,0
TCGA-18-5592-01Z-00-DX1,7,1,8
TCGA-18-5592-01Z-00-DX1,7,2,4
TCGA-18-5592-01Z-00-DX1,7,3,7
TCGA-18-5592-01Z-00-DX1,7,4,3
TCGA-18-5592-01Z-00-DX1,7,5,5
TCGA-18-5592-01Z-00-DX1,7,6,4
TCGA-18-5592-01Z-00-DX1,7,7,4
TCGA-21-5784-01Z-00-DX1,0,0,2
TCGA-21-5784-01Z-00-DX1,0,1,6
TCGA-21-5784-01Z-00-DX1,0,2,5
TCGA-21-5784-01Z-00-DX1,0,3,3
TCGA-21-5784-01Z-00-DX1,0,4,3
TCGA-21-5784-01Z-00-DX1,0,5,3
TCGA-21-5784-01Z-00-DX1,0,6,0
TCGA-21-5784-01Z-00-DX1,0,7,5
TCGA-21-5784-01Z-00-DX1,1,0,3
TCGA-21-5784-01Z-00-DX1,1,1,7
TCGA-21-5784-01Z-00-DX1,1,2,2
TCGA-21-5784-01Z-00-DX1,1,3,2
TCGA-21-5784-01Z-00-DX1,1,4,3
TCGA-21-5784-01Z-00-DX1,1,5,1
TCGA-21-5784-01Z-00-DX1,1,6,5
TCGA-21-5784-01Z-00-DX1,1,7,3
TCGA-21-5784-01Z-00-DX1,2,0,4
TCGA-21-5784-01Z-00-DX1,2,1,8
TCGA-21-5784-01Z-00-DX1,2,2,6
TCGA-21-5784-01Z-00-DX1,2,3,1
TCGA-21-5784-01Z-00-DX1,2,4,2
TCGA-21-5784-01Z-00-DX1,2,5,4
TCGA-21-5784-01Z-00-DX1,2,6,5
TCGA-21-5784-01Z-00-DX1,2,7,5
TCGA-21-5784-01Z-00-DX1,3,0,5
TCGA-21-5784-01Z-00-DX1,3,1,9
TCGA-21-5784-01Z-00-DX1,3,2,6
TCGA-21-5784-01Z-00-DX1,3,3,6
TCGA-21-5784-01Z-00-DX1,3,4,5
TCGA-21-5784-01Z-00-DX1,3,5,7
TCGA-21-5784-01Z-00-DX1,3,6,2
TCGA-21-5784-01Z-00-DX1,3,7,5
TCGA-21-5784-01Z-00-DX1,4,0,1
TCGA-21-5784-01Z-00-DX1,4,1,0
TCGA-21-5784-01Z-00-DX1,4,2,4
TCGA-21-5784-01Z-00-DX1,4,3,5
TCGA-21-5784-01Z-00-DX1,4,4,6
TCGA-21-5784-01Z-00-DX1,4,5,2
TCGA-21-5784-01Z-00-DX1,4,6,0
TCGA-21-5784-01Z-00-DX1,4,7,9
TCGA-21-5784-01Z-00-DX1,5,0,8
TCGA-21-5784-01Z-00-DX1,5,1,3
TCGA-21-5784-01Z-00-DX1,5,2,2
TCGA-21-5784-01Z-00-DX1,5,3,0
TCGA-21-5784-01Z-00-DX1,5,4,1
TCGA-21-5784-01Z-00-DX1,5,5,0
TCGA-21-5784-01Z-00-DX1,5,6,3
TCGA-21-5784-01Z-00-DX1,5,7,1
TCGA-21-5784-01Z-00-DX1,6,0,4
TCGA-21-5784-01Z-00-DX1,6,1,1
TCGA-21-5784-01Z-00-DX1,6,2,2
TCGA-21-5784-01Z-00-DX1,6,3,2
TCGA-21-5784-01Z-00-DX1,6,4,4
TCGA-21-5784-01Z-00-DX1,6,5,7
TCGA-21-5784-01Z-00-DX1,6,6,4
TCGA-21-5784-01Z-00-DX1,6,7,3
TCGA-21-5784-01Z-00-DX1,7,0,3
TCGA-21-5784-01Z-00-DX1,7,1,3
TCGA-21-5784-01Z-00-DX1,7,2,5
TCGA-21-5784-01Z-00-DX1,7,3,5
TCGA-21-5784-01Z-00-DX1,7,4,3
TCGA-21-5784-01Z-00-DX1,7,5,5
TCGA-21-5784-01Z-00-DX1,7,6,6
TCGA-21-5784-01Z-00-DX1,7,7,9
TCGA-21-5786-01Z-00-DX1,0,0,5
TCGA-21-5786-01Z-00-DX1,0,1,8
TCGA-21-5786-01Z-00-DX1,0,2,5
TCGA-21-5786-01Z-00-DX1,0,3,6
TCGA-21-5786-01Z-00-DX1,0,4,2
TCGA-21-5786-01Z-00-DX1,0,5,5
TCGA-21-5786-01Z-00-DX1,0,6,6
TCGA-21-5786-01Z-00-DX1,0,7,5
TCGA-21-5786-01Z-00-DX1,1,0,5
TCGA-21-5786-01Z-00-DX1,1,1,5
TCGA-21-5786-01Z-00-DX1,1,2,6
TCGA-21-5786-01Z-00-DX1,1,3,5
TCGA-21-5786-01Z-00-DX1,1,4,4
TCGA-21-5786-01Z-00-DX1,1,5,4
TCGA-21-5786-01Z-00-DX1,1,6,5
TCGA-21-5786-01Z-00-DX1,1,7,4
TCGA-21-5786-01Z-00-DX1,2,0,3
TCGA-21-5786-01Z-00-DX1,2,1,5
TCGA-21-5786-01Z-00-DX1,2,2,7
TCGA-21-5786-01Z-00-DX1,2,3,4
TCGA-21-5786-01Z-00-DX1,2,4,8
TCGA-21-5786-01Z-00-DX1,2,5,6
TCGA-21-5786-01Z-00-DX1,2,6,7
TCGA-21-5786-01Z-00-DX1,2,7,8
TCGA-21-5786-01Z-00-DX1,3,0,10
TCGA-21-5786-01Z-00-DX1,3,1,2
TCGA-21-5786-01Z-00-DX1,3,2,6
TCGA-21-5786-01Z-00-DX1,3,3,5
TCGA-21-5786-01Z-00-DX1,3,4,7
TCGA-21-5786-01Z-00-DX1,3,5,6
TCGA-21-5786-01Z-00-DX1,3,6,2
TCGA-21-5786-01Z-00-DX1,3,7,4
TCGA-21-5786-01Z-00-DX1,4,0,2
TCGA-21-5786-01Z-00-DX1,4,1,2
TCGA-21-5786-01Z-00-DX1,4,2,3
TCGA-21-5786-01Z-00-DX1,4,3,6
TCGA-21-5786-01Z-00-DX1,4,4,6
TCGA-21-5786-01Z-00-DX1,4,5,4
TCGA-21-5786-01Z-00-DX1,4,6,4
TCGA-21-5786-01Z-00-DX1,4,7,4
TCGA-21-5786-01Z-00-DX1,5,0,5
TCGA-21-5786-01Z-00-DX1,5,1,3
TCGA-21-5786-01Z-00-DX1,5,2,5
TCGA-21-5786-01Z-00-DX1,5,3,6
TCGA-21-5786-01Z-00-DX1,5,4,3
TCGA-21-5786-01Z-00-DX1,5,5,4
TCGA-21-5786-01Z-00-DX1,5,6,5
TCGA-21-5786-01Z-00-DX1,5,7,6
TCGA-21-5786-01Z-00-DX1,6,0,3
TCGA-21-5786-01Z-00-DX1,6,1,2
TCGA-21-5786-01Z-00-DX1,6,2,2
TCGA-21-5786-01Z-00-DX1,6,3,1
TCGA-21-5786-01Z-00-DX1,6,4,2
TCGA-21-5786-01Z-00-DX1,6,5,3
TCGA-21-5786-01Z-00-DX1,6,6,2
TCGA-21-5786-01Z-00-DX1,6,7,5
TCGA-21-5786-01Z-00-DX1,7,0,6
TCGA-21-5786-01Z-00-DX1,7,1,2
TCGA-21-5786-01Z-00-DX1,7,2,4
TCGA-21-5786-01Z-00-DX1,7,3,5
TCGA-21-5786-01Z-00-DX1,7,4,4
TCGA-21-5786-01Z-00-DX1,7,5,2
TCGA-21-5786-01Z-00-DX1,7,6,4
TCGA-21-5786-01Z-00-DX1,7,7,4
TCGA-38-6178-01Z-00-DX1,0,0,4
TCGA-38-6178-01Z-00-DX1,0,1,10
TCGA-38-6178-01Z-00-DX1,0,2,7
TCGA-38-6178-01Z-00-DX1,0,3,7
TCGA-38-6178-01Z-00-DX1,0,4,5
TCGA-38-6178-01Z-00-DX1,0,5,5
TCGA-38-6178-01Z-00-DX1,0,6,8
TCGA-38-6178-01Z-00-DX1,0,7,5
TCGA-38-6178-01Z-00-DX1,1,0,7
TCGA-38-6178-01Z-00-DX1,1,1,6
TCGA-38-6178-01Z-00-DX1,1,2,7
TCGA-38-6178-01Z-00-DX1,1,3,5
TCGA-38-6178-01Z-00-DX1,1,4,8
TCGA-38-6178-01Z-00-DX1,1,5,11
TCGA-38-6178-01Z-00-DX1,1,6,8
TCGA-38-6178-01Z-00-DX1,1,7,4
TCGA-38-6178-01Z-00-DX1,2,0,6
TCGA-38-6178-01Z-00-DX1,2,1,4
TCGA-38-6178-01Z-00-DX1,2,2,4
TCGA-38-6178-01Z-00-DX1,2,3,3
TCGA-38-6178-01Z-00-DX1,2,4,10
TCGA-38-6178-01Z-00-DX1,2,5,4
TCGA-38-6178-01Z-00-DX1,2,6,6
TCGA-38-6178-01Z-00-DX1,2,7,10
TCGA-38-6178-01Z-00-DX1,3,0,5
TCGA-38-6178-01Z-00-DX1,3,1,8
TCGA-38-6178-01Z-00-DX1,3,2,6
TCGA-38-6178-01Z-00-DX1,3,3,4
TCGA-38-6178-01Z-00-DX1,3,4,5
TCGA-38-6178-01Z-00-DX1,3,5,9
TCGA-38-6178-01Z-00-DX1,3,6,5
TCGA-38-6178-01Z-00-DX1,3,7,10
TCGA-38-6178-01Z-00-DX1,4,0,10
TCGA-38-6178-01Z-00-DX1,4,1,4
TCGA-38-6178-01Z-00-DX1,4,2,5
TCGA-38-6178-01Z-00-DX1,4,3,6
TCGA-38-6178-01Z-00-DX1,4,4,4
TCGA-38-6178-01Z-00-DX1,4,5,10
TCGA-38-6178-01Z-00-DX1,4,6,14
TCGA-38-6178-01Z-00-DX1,4,7,6
TCGA-38-6178-01Z-00-DX1,5,0,6
TCGA-38-6178-01Z-00-DX1,5,1,4
TCGA-38-6178-01Z-00-DX1,5,2,0
TCGA-38-6178-01Z-00-DX1,5,3,4
TCGA-38-6178-01Z-00-DX1,5,4,6
TCGA-38-6178-01Z-00-DX1,5,5,4
TCGA-38-6178-01Z-00-DX1,5,6,11
TCGA-38-6178-01Z-00-DX1,5,7,5
TCGA-38-6178-01Z-00-DX1,6,0,8
TCGA-38-6178-01Z-00-DX1,6,1,4
TCGA-38-6178-01Z-00-DX1,6,2,1
TCGA-38-6178-01Z-00-DX1,6,3,4
TCGA-38-6178-01Z-00-DX1,6,4,6
TCGA-38-6178-01Z-00-DX1,6,5,6
TCGA-38-6178-01Z-00-DX1,6,6,6
TCGA-38-6178-01Z-00-DX1,6,7,9
TCGA-38-6178-01Z-00-DX1,7,0,7
TCGA-38-6178-01Z-00-DX1,7,1,3
TCGA-38-6178-01Z-00-DX1,7,2,5
TCGA-38-6178-01Z-00-DX1,7,3,9
TCGA-38-6178-01Z-00-DX1,7,4,5
TCGA-38-6178-01Z-00-DX1,7,5,8
TCGA-38-6178-01Z-00-DX1,7,6,11
TCGA-38-6178-01Z-00-DX1,7,7,7
TCGA-49-4488-01Z-00-DX1,0,0,7
TCGA-49-4488-01Z-00-DX1,0,1,7
TCGA-49-4488-01Z-00-DX1,0,2,2
TCGA-49-4488-01Z-00-DX1,0,3,6
TCGA-49-4488-01Z-00-DX1,0,4,6
TCGA-49-4488-01Z-00-DX1,0,5,5
TCGA-49-4488-01Z-00-DX1,0,6,7
TCGA-49-4488-01Z-00-DX1,0,7,5
TCGA-49-4488-01Z-00-DX1,1,0,9
TCGA-49-4488-01Z-00-DX1,1,1,7
TCGA-49-4488-01Z-00-DX1,1,2,4
TCGA-49-4488-01Z-00-DX1,1,3,7
TCGA-49-4488-01Z-00-DX1,1,4,6
TCGA-49-4488-01Z-00-DX1,1,5,5
TCGA-49-4488-01Z-00-DX1,1,6,5
TCGA-49-4488-01Z-00-DX1,1,7,7
TCGA-49-4488-01Z-00-DX1,2,0,10
TCGA-49-4488-01Z-00-DX1,2,1,3
TCGA-49-4488-01Z-00-DX1,2,2,4
TCGA-49-4488-01Z-00-DX1,2,3,4
TCGA-49-4488-01Z-00-DX1,2,4,4
TCGA-49-4488-01Z-00-DX1,2,5,2
TCGA-49-4488-01Z-00-DX1,2,6,6
TCGA-49-4488-01Z-00-DX1,2,7,6
TCGA-49-4488-01Z-00-DX1,3,0,2
TCGA-49-4488-01Z-00-DX1,3,1,4
TCGA-49-4488-01Z-00-DX1,3,2,7
TCGA-49-4488-01Z-00-DX1,3,3,7
TCGA-49-4488-01Z-00-DX1,3,4,7
TCGA-49-4488-01Z-00-DX1,3,5,6
TCGA-49-4488-01Z-00-DX1,3,6,4
TCGA-49-4488-01Z-00-DX1,3,7,5
TCGA-49-4488-01Z-00-DX1,4,0,5
TCGA-49-4488-01Z-00-DX1,4,1,9
TCGA-49-4488-01Z-00-DX1,4,2,9
TCGA-49-4488-01Z-00-DX1,4,3,6
TCGA-49-4488-01Z-00-DX1,4,4,4
TCGA-49-4488-01Z-00-DX1,4,5,2
TCGA-49-4488-01Z-00-DX1,4,6,5
TCGA-49-4488-01Z-00-DX1,4,7,5
TCGA-49-4488-01Z-00-DX1,5,0,4
TCGA-49-4488-01Z-00-DX1,5,1,7
TCGA-49-4488-01Z-00-DX1,5,2,9
TCGA-49-4488-01Z-00-DX1,5,3,9
TCGA-49-4488-01Z-00-DX1,5,4,6
TCGA-49-4488-01Z-00-DX1,5,5,4
TCGA-49-4488-01Z-00-DX1,5,6,7
TCGA-49-4488-01Z-00-DX1,5,7,9
TCGA-49-4488-01Z-00-DX1,6,0,11
TCGA-49-4488-01Z-00-DX1,6,1,6
TCGA-49-4488-01Z-00-DX1,6,2,4
TCGA-49-4488-01Z-00-DX1,6,3,3
TCGA-49-4488-01Z-00-DX1,6,4,9
TCGA-49-4488-01Z-00-DX1,6,5,6
TCGA-49-4488-01Z-00-DX1,6,6,2
TCGA-49-4488-01Z-00-DX1,6,7,5
TCGA-49-4488-01Z-00-DX1,7,0,4
TCGA-49-4488-01Z-00-DX1,7,1,4
TCGA-49-4488-01Z-00-DX1,7,2,6
TCGA-49-4488-01Z-00-DX1,7,3,3
TCGA-49-4488-01Z-00-DX1,7,4,6
TCGA-49-4488-01Z-00-DX1,7,5,6
TCGA-49-4488-01Z-00-DX1,7,6,5
TCGA-49-4488-01Z-00-DX1,7,7,3
TCGA-50-5931-01Z-00-DX1,0,0,7
TCGA-50-5931-01Z-00-DX1,0,1,7
TCGA-50-5931-01Z-00-DX1,0,2,8
TCGA-50-5931-01Z-00-DX1,0,3,8
TCGA-50-5931-01Z-00-DX1,0,4,7
TCGA-50-5931-01Z-00-DX1,0,5,6
TCGA-50-5931-01Z-00-DX1,0,6,3
TCGA-50-5931-01Z-00-DX1,0,7,7
TCGA-50-5931-01Z-00-DX1,1,0,2
TCGA-50-5931-01Z-00-DX1,1,1,9
TCGA-50-5931-01Z-00-DX1,1,2,7
TCGA-50-5931-01Z-00-DX1,1,3,5
TCGA-50-5931-01Z-00-DX1,1,4,6
TCGA-50-5931-01Z-00-DX1,1,5,11
TCGA-50-5931-01Z-00-DX1,1,6,9
TCGA-50-5931-01Z-00-DX1,1,7,8
TCGA-50-5931-01Z-00-DX1,2,0,7
TCGA-50-5931-01Z-00-DX1,2,1,3
TCGA-50-5931-01Z-00-DX1,2,2,7
TCGA-50-5931-01Z-00-DX1,2,3,11
TCGA-50-5931-01Z-00-DX1,2,4,8
TCGA-50-5931-01Z-00-DX1,2,5,6
TCGA-50-5931-01Z-00-DX1,2,6,6
TCGA-50-5931-01Z-00-DX1,2,7,5
TCGA-50-5931-01Z-00-DX1,3,0,5
TCGA-50-5931-01Z-00-DX1,3,1,5
TCGA-50-5931-01Z-00-DX1,3,2,10
TCGA-50-5931-01Z-00-DX1,3,3,5
TCGA-50-5931-01Z-00-DX1,3,4,9
TCGA-50-5931-01Z-00-DX1,3,5,13
TCGA-50-5931-01Z-00-DX1,3,6,7
TCGA-50-5931-01Z-00-DX1,3,7,4
TCGA-50-5931-01Z-00-DX1,4,0,8
TCGA-50-5931-01Z-00-DX1,4,1,6
TCGA-50-5931-01Z-00-DX1,4,2,9
TCGA-50-5931-01Z-00-DX1,4,3,6
TCGA-50-5931-01Z-00-DX1,4,4,11
TCGA-50-5931-01Z-00-DX1,4,5,9
TCGA-50-5931-01Z-00-DX1,4,6,11
TCGA-50-5931-01Z-00-DX1,4,7,12
TCGA-50-5931-01Z-00-DX1,5,0,8
TCGA-50-5931-01Z-00-DX1,5,1,5
TCGA-50-5931-01Z-00-DX1,5,2,6
TCGA-50-5931-01Z-00-DX1,5,3,6
TCGA-50-5931-01Z-00-DX1,5,4,12
TCGA-50-5931-01Z-00-DX1,5,5,9
TCGA-50-5931-01Z-00-DX1,5,6,11
TCGA-50-5931-01Z-00-DX1,5,7,8
TCGA-50-5931-01Z-00-DX1,6,0,4
TCGA-50-5931-01Z-00-DX1,6,1,5
TCGA-50-5931-01Z-00-DX1,6,2,7
TCGA-50-5931-01Z-00-DX1,6,3,5
TCGA-50-5931-01Z-00-DX1,6,4,7
TCGA-50-5931-01Z-00-DX1,6,5,4
TCGA-50-5931-01Z-00-DX1,6,6,7
TCGA-50-5931-01Z-00-DX1,6,7,7
TCGA-50-5931-01Z-00-DX1,7,0,8
TCGA-50-5931-01Z-00-DX1,7,1,6
TCGA-50-5931-01Z-00-DX1,7,2,9
TCGA-50-5931-01Z-00-DX1,7,3,7
TCGA-50-5931-01Z-00-DX1,7,4,7
TCGA-50-5931-01Z-00-DX1,7,5,11
TCGA-50-5931-01Z-00-DX1,7,6,6
TCGA-50-5931-01Z-00-DX1,7,7,9
TCGA-A7-A13E-01Z-00-DX1,0,0,6
TCGA-A7-A13E-01Z-00-DX1,0,1,3
TCGA-A7-A13E-01Z-00-DX1,0,2,5
TCGA-A7-A13E-01Z-00-DX1,0,3,7
TCGA-A7-A13E-01Z-00-DX1,0,4,4
TCGA-A7-A13E-01Z-00-DX1,0,5,6
TCGA-A7-A13E-01Z-00-DX1,0,6,6
TCGA-A7-A13E-01Z-00-DX1,0,7,7
TCGA-A7-A13E-01Z-00-DX1,1,0,6
TCGA-A7-A13E-01Z-00-DX1,1,1,4
TCGA-A7-A13E-01Z-00-DX1,1,2,7
TCGA-A7-A13E-01Z-00-DX1,1,3,4
TCGA-A7-A13E-01Z-00-DX1,1,4,6
TCGA-A7-A13E-01Z-00-DX1,1,5,6
TCGA-A7-A13E-01Z-00-DX1,1,6,8
TCGA-A7-A13E-01Z-00-DX1,1,7,4
TCGA-A7-A13E-01Z-00-DX1,2,0,5
TCGA-A7-A13E-01Z-00-DX1,2,1,5
TCGA-A7-A13E-01Z-00-DX1,2,2,7
TCGA-A7-A13E-01Z-00-DX1,2,3,4
TCGA-A7-A13E-01Z-00-DX1,2,4,6
TCGA-A7-A13E-01Z-00-DX1,2,5,5
TCGA-A7-A13E-01Z-00-DX1,2,6,10
TCGA-A7-A13E-01Z-00-DX1,2,7,6
TCGA-A7-A13E-01Z-00-DX1,3,0,4
TCGA-A7-A13E-01Z-00-DX1,3,1,5
TCGA-A7-A13E-01Z-00-DX1,3,2,9
TCGA-A7-A13E-01Z-00-DX1,3,3,9
TCGA-A7-A13E-01Z-00-DX1,3,4,6
TCGA-A7-A13E-01Z-00-DX1,3,5,6
TCGA-A7-A13E-01Z-00-DX1,3,6,4
TCGA-A7-A13E-01Z-00-DX1,3,7,8
TCGA-A7-A13E-01Z-00-DX1,4,0,6
TCGA-A7-A13E-01Z-00-DX1,4,1,2
TCGA-A7-A13E-01Z-00-DX1,4,2,4
TCGA-A7-A13E-01Z-00-DX1,4,3,5
TCGA-A7-A13E-01Z-00-DX1,4,4,6
TCGA-A7-A13E-01Z-00-DX1,4,5,4
TCGA-A7-A13E-01Z-00-DX1,4,6,8
TCGA-A7-A13E-01Z-00-DX1,4,7,6
TCGA-A7-A13E-01Z-00-DX1,5,0,4
TCGA-A7-A13E-01Z-00-DX1,5,1,7
TCGA-A7-A13E-01Z-00-DX1,5,2,5
TCGA-A7-A13E-01Z-00-DX1,5,3,2
TCGA-A7-A13E-01Z-00-DX1,5,4,5
TCGA-A7-A13E-01Z-00-DX1,5,5,6
TCGA-A7-A13E-01Z-00-DX1,5,6,5
TCGA-A7-A13E-01Z-00-DX1,5,7,2
TCGA-A7-A13E-01Z-00-DX1,6,0,6
TCGA-A7-A13E-01Z-00-DX1,6,1,5
TCGA-A7-A13E-01Z-00-DX1,6,2,4
TCGA-A7-A13E-01Z-00-DX1,6,3,1
TCGA-A7-A13E-01Z-00-DX1,6,4,5
TCGA-A7-A13E-01Z-00-DX1,6,5,5
TCGA-A7-A13E-01Z-00-DX1,6,6,3
TCGA-A7-A13E-01Z-00-DX1,6,7,7
TCGA-A7-A13E-01Z-00-DX1,7,0,6
TCGA-A7-A13E-01Z-00-DX1,7,1,4
TCGA-A7-A13E-01Z-00-DX1,7,2,2
TCGA-A7-A13E-01Z-00-DX1,7,3,2
TCGA-A7-A13E-01Z-00-DX1,7,4,4
TCGA-A7-A13E-01Z-00-DX1,7,5,6
TCGA-A7-A13E-01Z-00-DX1,7,6,7
TCGA-A7-A13E-01Z-00-DX1,7,7,7
TCGA-A7-A13F-01Z-00-DX1,0,0,2
TCGA-A7-A13F-01Z-00-DX1,0,1,3
TCGA-A7-A13F-01Z-00-DX1,0,2,5
TCGA-A7-A13F-01Z-00-DX1,0,3,3
TCGA-A7-A13F-01Z-00-DX1,0,4,4
TCGA-A7-A13F-01Z-00-DX1,0,5,3
TCGA-A7-A13F-01Z-00-DX1,0,6,4
TCGA-A7-A13F-01Z-00-DX1,0,7,2
TCGA-A7-A13F-01Z-00-DX1,1,0,2
TCGA-A7-A13F-01Z-00-DX1,1,1,5
TCGA-A7-A13F-01Z-00-DX1,1,2,3
TCGA-A7-A13F-01Z-00-DX1,1,3,4
TCGA-A7-A13F-01Z-00-DX1,1,4,2
TCGA-A7-A13F-01Z-00-DX1,1,5,2
TCGA-A7-A13F-01Z-00-DX1,1,6,3
TCGA-A7-A13F-01Z-00-DX1,1,7,2
TCGA-A7-A13F-01Z-00-DX1,2,0,4
TCGA-A7-A13F-01Z-00-DX1,2,1,4
TCGA-A7-A13F-01Z-00-DX1,2,2,3
TCGA-A7-A13F-01Z-00-DX1,2,3,4
TCGA-A7-A13F-01Z-00-DX1,2,4,3
TCGA-A7-A13F-01Z-00-DX1,2,5,3
TCGA-A7-A13F-01Z-00-DX1,2,6,4
TCGA-A7-A13F-01Z-00-DX1,2,7,3
TCGA-A7-A13F-01Z-00-DX1,3,0,6
TCGA-A7-A13F-01Z-00-DX1,3,1,5
TCGA-A7-A13F-01Z-00-DX1,3,2,3
TCGA-A7-A13F-01Z-00-DX1,3,3,5
TCGA-A7-A13F-01Z-00-DX1,3,4,5
TCGA-A7-A13F-01Z-00-DX1,3,5,5
TCGA-A7-A13F-01Z-00-DX1,3,6,6
TCGA-A7-A13F-01Z-00-DX1,3,7,3
TCGA-A7-A13F-01Z-00-DX1,4,0,4
TCGA-A7-A13F-01Z-00-DX1,4,1,4
TCGA-A7-A13F-01Z-00-DX1,4,2,4
TCGA-A7-A13F-01Z-00-DX1,4,3,7
TCGA-A7-A13F-01Z-00-DX1,4,4,5
TCGA-A7-A13F-01Z-00-DX1,4,5,3
TCGA-A7-A13F-01Z-00-DX1,4,6,4
TCGA-A7-A13F-01Z-00-DX1,4,7,3
TCGA-A7-A13F-01Z-00-DX1,5,0,1
TCGA-A7-A13F-01Z-00-DX1,5,1,1
TCGA-A7-A13F-01Z-00-DX1,5,2,8
TCGA-A7-A13F-01Z-00-DX1,5,3,8
TCGA-A7-A13F-01Z-00-DX1,5,4,7
TCGA-A7-A13F-01Z-00-DX1,5,5,7
TCGA-A7-A13F-01Z-00-DX1,5,6,4
TCGA-A7-A13F-01Z-00-DX1,5,7,4
TCGA-A7-A13F-01Z-00-DX1,6,0,3
TCGA-A7-A13F-01Z-00-DX1,6,1,6
TCGA-A7-A13F-01Z-00-DX1,6,2,3
TCGA-A7-A13F-01Z-00-DX1,6,3,7
TCGA-A7-A13F-01Z-00-DX1,6,4,7
TCGA-A7-A13F-01Z-00-DX1,6,5,5
TCGA-A7-A13F-01Z-00-DX1,6,6,4
TCGA-A7-A13F-01Z-00-DX1,6,7,5
TCGA-A7-A13F-01Z-00-DX1,7,0,7
TCGA-A7-A13F-01Z-00-DX1,7,1,4
TCGA-A7-A13F-01Z-00-DX1,7,2,6
TCGA-A7-A13F-01Z-00-DX1,7,3,3
TCGA-A7-A13F-01Z-00-DX1,7,4,4
TCGA-A7-A13F-01Z-00-DX1,7,5,0
TCGA-A7-A13F-01Z-00-DX1,7,6,4
TCGA-A7-A13F-01Z-00-DX1,7,7,2
TCGA-AR-A1AK-01Z-00-DX1,0,0,3
TCGA-AR-A1AK-01Z-00-DX1,0,1,4
TCGA-AR-A1AK-01Z-00-DX1,0,2,6
TCGA-AR-A1AK-01Z-00-DX1,0,3,7
TCGA-AR-A1AK-01Z-00-DX1,0,4,6
TCGA-AR-A1AK-01Z-00-DX1,0,5,8
TCGA-AR-A1AK-01Z-00-DX1,0,6,9
TCGA-AR-A1AK-01Z-00-DX1,0,7,5
TCGA-AR-A1AK-01Z-00-DX1,1,0,8
TCGA-AR-A1AK-01Z-00-DX1,1,1,7
TCGA-AR-A1AK-01Z-00-DX1,1,2,5
TCGA-AR-A1AK-01Z-00-DX1,1,3,5
TCGA-AR-A1AK-01Z-00-DX1,1,4,5
TCGA-AR-A1AK-01Z-00-DX1,1,5,6
TCGA-AR-A1AK-01Z-00-DX1,1,6,2
TCGA-AR-A1AK-01Z-00-DX1,1,7,7
TCGA-AR-A1AK-01Z-00-DX1,2,0,6
TCGA-AR-A1AK-01Z-00-DX1,2,1,3
TCGA-AR-A1AK-01Z-00-DX1,2,2,2
TCGA-AR-A1AK-01Z-00-DX1,2,3,5
TCGA-AR-A1AK-01Z-00-DX1,2,4,0
TCGA-AR-A1AK-01Z-00-DX1,2,5,2
TCGA-AR-A1AK-01Z-00-DX1,2,6,9
TCGA-AR-A1AK-01Z-00-DX1,2,7,9
TCGA-AR-A1AK-01Z-00-DX1,3,0,7
TCGA-AR-A1AK-01Z-00-DX1,3,1,5
TCGA-AR-A1AK-01Z-00-DX1,3,2,2
TCGA-AR-A1AK-01Z-00-DX1,3,3,4
TCGA-AR-A1AK-01Z-00-DX1,3,4,7
TCGA-AR-A1AK-01Z-00-DX1,3,5,7
TCGA-AR-A1AK-01Z-00-DX1,3,6,7
TCGA-AR-A1AK-01Z-00-DX1,3,7,3
TCGA-AR-A1AK-01Z-00-DX1,4,0,10
TCGA-AR-A1AK-01Z-00-DX1,4,1,8
TCGA-AR-A1AK-01Z-00-DX1,4,2,9
TCGA-AR-A1AK-01Z-00-DX1,4,3,14
TCGA-AR-A1AK-01Z-00-DX1,4,4,8
TCGA-AR-A1AK-01Z-00-DX1,4,5,8
TCGA-AR-A1AK-01Z-00-DX1,4,6,5
TCGA-AR-A1AK-01Z-00-DX1,4,7,6
TCGA-AR-A1AK-01Z-00-DX1,5,0,6
TCGA-AR-A1AK-01Z-00-DX1,5,1,8
TCGA-AR-A1AK-01Z-00-DX1,5,2,10
TCGA-AR-A1AK-01Z-00-DX1,5,3,8
TCGA-AR-A1AK-01Z-00-DX1,5,4,8
TCGA-AR-A1AK-01Z-00-DX1,5,5,7
TCGA-AR-A1AK-01Z-00-DX1,5,6,9
TCGA-AR-A1AK-01Z-00-DX1,5,7,6
TCGA-AR-A1AK-01Z-00-DX1,6,0,4
TCGA-AR-A1AK-01Z-00-DX1,6,1,5
TCGA-AR-A1AK-01Z-00-DX1,6,2,6
TCGA-AR-A1AK-01Z-00-DX1,6,3,9
TCGA-AR-A1AK-01Z-00-DX1,6,4,9
TCGA-AR-A1AK-01Z-00-DX1,6,5,9
TCGA-AR-A1AK-01Z-00-DX1,6,6,9
TCGA-AR-A1AK-01Z-00-DX1,6,7,9
TCGA-AR-A1AK-01Z-00-DX1,7,0,7
TCGA-AR-A1AK-01Z-00-DX1,7,1,3
TCGA-AR-A1AK-01Z-00-DX1,7,2,7
TCGA-AR-A1AK-01Z-00-DX1,7,3,9
TCGA-AR-A1AK-01Z-00-DX1,7,4,6
TCGA-AR-A1AK-01Z-00-DX1,7,5,6
TCGA-AR-A1AK-01Z-00-DX1,7,6,7
TCGA-AR-A1AK-01Z-00-DX1,7,7,7
TCGA-AR-A1AS-01Z-00-DX1,0,0,9
TCGA-AR-A1AS-01Z-00-DX1,0,1,7
TCGA-AR-A1AS-01Z-00-DX1,0,2,4
TCGA-AR-A1AS-01Z-00-DX1,0,3,3
TCGA-AR-A1AS-01Z-00-DX1,0,4,6
TCGA-AR-A1AS-01Z-00-DX1,0,5,1
TCGA-AR-A1AS-01Z-00-DX1,0,6,6
TCGA-AR-A1AS-01Z-00-DX1,0,7,8
TCGA-AR-A1AS-01Z-00-DX1,1,0,5
TCGA-AR-A1AS-01Z-00-DX1,1,1,7
TCGA-AR-A1AS-01Z-00-DX1,1,2,4
TCGA-AR-A1AS-01Z-00-DX1,1,3,6
TCGA-AR-A1AS-01Z-00-DX1,1,4,4
TCGA-AR-A1AS-01Z-00-DX1,1,5,9
TCGA-AR-A1AS-01Z-00-DX1,1,6,9
TCGA-AR-A1AS-01Z-00-DX1,1,7,3
TCGA-AR-A1AS-01Z-00-DX1,2,0,8
TCGA-AR-A1AS-01Z-00-DX1,2,1,7
TCGA-AR-A1AS-01Z-00-DX1,2,2,6
TCGA-AR-A1AS-01Z-00-DX1,2,3,5
TCGA-AR-A1AS-01Z-00-DX1,2,4,10
TCGA-AR-A1AS-01Z-00-DX1,2,5,7
TCGA-AR-A1AS-01Z-00-DX1,2,6,8
TCGA-AR-A1AS-01Z-00-DX1,2,7,6
TCGA-AR-A1AS-01Z-00-DX1,3,0,4
TCGA-AR-A1AS-01Z-00-DX1,3,1,5
TCGA-AR-A1AS-01Z-00-DX1,3,2,7
TCGA-AR-A1AS-01Z-00-DX1,3,3,12
TCGA-AR-A1AS-01Z-00-DX1,3,4,8
TCGA-AR-A1AS-01Z-00-DX1,3,5,12
TCGA-AR-A1AS-01Z-00-DX1,3,6,8
TCGA-AR-A1AS-01Z-00-DX1,3,7,7
TCGA-AR-A1AS-01Z-00-DX1,4,0,2
TCGA-AR-A1AS-01Z-00-DX1,4,1,6
TCGA-AR-A1AS-01Z-00-DX1,4,2,10
TCGA-AR-A1AS-01Z-00-DX1,4,3,11
TCGA-AR-A1AS-01Z-00-DX1,4,4,7
TCGA-AR-A1AS-01Z-00-DX1,4,5,7
TCGA-AR-A1AS-01Z-00-DX1,4,6,9
TCGA-AR-A1AS-01Z-00-DX1,4,7,11
TCGA-AR-A1AS-01Z-00-DX1,5,0,4
TCGA-AR-A1AS-01Z-00-DX1,5,1,4
TCGA-AR-A1AS-01Z-00-DX1,5,2,11
TCGA-AR-A1AS-01Z-00-DX1,5,3,7
TCGA-AR-A1AS-01Z-00-DX1,5,4,8
TCGA-AR-A1AS-01Z-00-DX1,5,5,8
TCGA-AR-A1AS-01Z-00-DX1,5,6,10
TCGA-AR-A1AS-01Z-00-DX1,5,7,10
TCGA-AR-A1AS-01Z-00-DX1,6,0,1
TCGA-AR-A1AS-01Z-00-DX1,6,1,8
TCGA-AR-A1AS-01Z-00-DX1,6,2,8
TCGA-AR-A1AS-01Z-00-DX1,6,3,10
TCGA-AR-A1AS-01Z-00-DX1,6,4,12
TCGA-AR-A1AS-01Z-00-DX1,6,5,6
TCGA-AR-A1AS-01Z-00-DX1,6,6,5
TCGA-AR-A1AS-01Z-00-DX1,6,7,5
TCGA-AR-A1AS-01Z-00-DX1,7,0,2
TCGA-AR-A1AS-01Z-00-DX1,7,1,5
TCGA-AR-A1AS-01Z-00-DX1,7,2,9
TCGA-AR-A1AS-01Z-00-DX1,7,3,9
TCGA-AR-A1AS-01Z-00-DX1,7,4,7
TCGA-AR-A1AS-01Z-00-DX1,7,5,5
TCGA-AR-A1AS-01Z-00-DX1,7,6,3
TCGA-AR-A1AS-01Z-00-DX1,7,7,12
TCGA-AY-A8YK-01A-01-TS1,0,0,9
TCGA-AY-A8YK-01A-01-TS1,0,1,5
TCGA-AY-A8YK-01A-01-TS1,0,2,6
TCGA-AY-A8YK-01A-01-TS1,0,3,2
TCGA-AY-A8YK-01A-01-TS1,0,4,4
TCGA-AY-A8YK-01A-01-TS1,0,5,5
TCGA-AY-A8YK-01A-01-TS1,0,6,7
TCGA-AY-A8YK-01A-01-TS1,0,7,6
TCGA-AY-A8YK-01A-01-TS1,1,0,9
TCGA-AY-A8YK-01A-01-TS1,1,1,7
TCGA-AY-A8YK-01A-01-TS1,1,2,4
TCGA-AY-A8YK-01A-01-TS1,1,3,5
TCGA-AY-A8YK-01A-01-TS1,1,4,3
TCGA-AY-A8YK-01A-01-TS1,1,5,4
TCGA-AY-A8YK-01A-01-TS1,1,6,4
TCGA-AY-A8YK-01A-01-TS1,1,7,4
TCGA-AY-A8YK-01A-01-TS1,2,0,5
TCGA-AY-A8YK-01A-01-TS1,2,1,4
TCGA-AY-A8YK-01A-01-TS1,2,2,1
TCGA-AY-A8YK-01A-01-TS1,2,3,1
TCGA-AY-A8YK-01A-01-TS1,2,4,8
TCGA-AY-A8YK-01A-01-TS1,2,5,4
TCGA-AY-A8YK-01A-01-TS1,2,6,4
TCGA-AY-A8YK-01A-01-TS1,2,7,2
TCGA-AY-A8YK-01A-01-TS1,3,0,4
TCGA-AY-A8YK-01A-01-TS1,3,1,4
TCGA-AY-A8YK-01A-01-TS1,3,2,4
TCGA-AY-A8YK-01A-01-TS1,3,3,6
TCGA-AY-A8YK-01A-01-TS1,3,4,3
TCGA-AY-A8YK-01A-01-TS1,3,5,6
TCGA-AY-A8YK-01A-01-TS1,3,6,5
TCGA-AY-A8YK-01A-01-TS1,3,7,5
TCGA-AY-A8YK-01A-01-TS1,4,0,5
TCGA-AY-A8YK-01A-01-TS1,4,1,5
TCGA-AY-A8YK-01A-01-TS1,4,2,4
TCGA-AY-A8YK-01A-01-TS1,4,3,4
TCGA-AY-A8YK-01A-01-TS1,4,4,6
TCGA-AY-A8YK-01A-01-TS1,4,5,4
TCGA-AY-A8YK-01A-01-TS1,4,6,3
TCGA-AY-A8YK-01A-01-TS1,4,7,2
TCGA-AY-A8YK-01A-01-TS1,5,0,4
TCGA-AY-A8YK-01A-01-TS1,5,1,6
TCGA-AY-A8YK-01A-01-TS1,5,2,3
TCGA-AY-A8YK-01A-01-TS1,5,3,6
TCGA-AY-A8YK-01A-01-TS1,5,4,2
TCGA-AY-A8YK-01A-01-TS1,5,5,6
TCGA-AY-A8YK-01A-01-TS1,5,6,2
TCGA-AY-A8YK-01A-01-TS1,5,7,5
TCGA-AY-A8YK-01A-01-TS1,6,0,8
TCGA-AY-A8YK-01A-01-TS1,6,1,5
TCGA-AY-A8YK-01A-01-TS1,6,2,2
TCGA-AY-A8YK-01A-01-TS1,6,3,6
TCGA-AY-A8YK-01A-01-TS1,6,4,7
TCGA-AY-A8YK-01A-01-TS1,6,5,7
TCGA-AY-A8YK-01A-01-TS1,6,6,2
TCGA-AY-A8YK-01A-01-TS1,6,7,6
TCGA-AY-A8YK-01A-01-TS1,7,0,6
TCGA-AY-A8YK-01A-01-TS1,7,1,4
TCGA-AY-A8YK-01A-01-TS1,7,2,6
TCGA-AY-A8YK-01A-01-TS1,7,3,8
TCGA-AY-A8YK-01A-01-TS1,7,4,6
TCGA-AY-A8YK-01A-01-TS1,7,5,1
TCGA-AY-A8YK-01A-01-TS1,7,6,6
TCGA-AY-A8YK-01A-01-TS1,7,7,7
TCGA-B0-5698-01Z-00-DX1,0,0,6
TCGA-B0-5698-01Z-00-DX1,0,1,1
TCGA-B0-5698-01Z-00-DX1,0,2,4
TCGA-B0-5698-01Z-00-DX1,0,3,9
TCGA-B0-5698-01Z-00-DX1,0,4,6
TCGA-B0-5698-01Z-00-DX1,0,5,5
TCGA-B0-5698-01Z-00-DX1,0,6,3
TCGA-B0-5698-01Z-00-DX1,0,7,5
TCGA-B0-5698-01Z-00-DX1,1,0,7
TCGA-B0-5698-01Z-00-DX1,1,1,7
TCGA-B0-5698-01Z-00-DX1,1,2,6
TCGA-B0-5698-01Z-00-DX1,1,3,4
TCGA-B0-5698-01Z-00-DX1,1,4,5
TCGA-B0-5698-01Z-00-DX1,1,5,2
TCGA-B0-5698-01Z-00-DX1,1,6,6
TCGA-B0-5698-01Z-00-DX1,1,7,3
TCGA-B0-5698-01Z-00-DX1,2,0,2
TCGA-B0-5698-01Z-00-DX1,2,1,7
TCGA-B0-5698-01Z-00-DX1,2,2,5
TCGA-B0-5698-01Z-00-DX1,2,3,3
TCGA-B0-5698-01Z-00-DX1,2,4,9
TCGA-B0-5698-01Z-00-DX1,2,5,5
TCGA-B0-5698-01Z-00-DX1,2,6,5
TCGA-B0-5698-01Z-00-DX1,2,7,4
TCGA-B0-5698-01Z-00-DX1,3,0,2
TCGA-B0-5698-01Z-00-DX1,3,1,5
TCGA-B0-5698-01Z-00-DX1,3,2,3
TCGA-B0-5698-01Z-00-DX1,3,3,6
TCGA-B0-5698-01Z-00-DX1,3,4,3
TCGA-B0-5698-01Z-00-DX1,3,5,3
TCGA-B0-5698-01Z-00-DX1,3,6,5
TCGA-B0-5698-01Z-00-DX1,3,7,3
TCGA-B0-5698-01Z-00-DX1,4,0,2
TCGA-B0-5698-01Z-00-DX1,4,1,5
TCGA-B0-5698-01Z-00-DX1,4,2,4
TCGA-B0-5698-01Z-00-DX1,4,3,5
TCGA-B0-5698-01Z-00-DX1,4,4,3
TCGA-B0-5698-01Z-00-DX1,4,5,3
TCGA-B0-5698-01Z-00-DX1,4,6,4
TCGA-B0-5698-01Z-00-DX1,4,7,6
TCGA-B0-5698-01Z-00-DX1,5,0,5
TCGA-B0-5698-01Z-00-DX1,5,1,6
TCGA-B0-5698-01Z-00-DX1,5,2,1
TCGA-B0-5698-01Z-00-DX1,5,3,4
TCGA-B0-5698-01Z-00-DX1,5,4,7
TCGA-B0-5698-01Z-00-DX1,5,5,4
TCGA-B0-5698-01Z-00-DX1,5,6,6
TCGA-B0-5698-01Z-00-DX1,5,7,6
TCGA-B0-5698-01Z-00-DX1,6,0,5
TCGA-B0-5698-01Z-00-DX1,6,1,3
TCGA-B0-5698-01Z-00-DX1,6,2,4
TCGA-B0-5698-01Z-00-DX1,6,3,2
TCGA-B0-5698-01Z-00-DX1,6,4,5
TCGA-B0-5698-01Z-00-DX1,6,5,1
TCGA-B0-5698-01Z-00-DX1,6,6,3
TCGA-B0-5698-01Z-00-DX1,6,7,2
TCGA-B0-5698-01Z-00-DX1,7,0,4
TCGA-B0-5698-01Z-00-DX1,7,1,3
TCGA-B0-5698-01Z-00-DX1,7,2,4
TCGA-B0-5698-01Z-00-DX1,7,3,4
TCGA-B0-5698-01Z-00-DX1,7,4,5
TCGA-B0-5698-01Z-00-DX1,7,5,4
TCGA-B0-5698-01Z-00-DX1,7,6,0
TCGA-B0-5698-01Z-00-DX1,7,7,2
TCGA-B0-5710-01Z-00-DX1,0,0,3
TCGA-B0-5710-01Z-00-DX1,0,1,3
TCGA-B0-5710-01Z-00-DX1,0,2,5
TCGA-B0-5710-01Z-00-DX1,0,3,4
TCGA-B0-5710-01Z-00-DX1,0,4,3
TCGA-B0-5710-01Z-00-DX1,0,5,3
TCGA-B0-5710-01Z-00-DX1,0,6,2
TCGA-B0-5710-01Z-00-DX1,0,7,5
TCGA-B0-5710-01Z-00-DX1,1,0,0
TCGA-B0-5710-01Z-00-DX1,1,1,6
TCGA-B0-5710-01Z-00-DX1,1,2,3
TCGA-B0-5710-01Z-00-DX1,1,3,2
TCGA-B0-5710-01Z-00-DX1,1,4,4
TCGA-B0-5710-01Z-00-DX1,1,5,1
TCGA-B0-5710-01Z-00-DX1,1,6,0
TCGA-B0-5710-01Z-00-DX1,1,7,4
TCGA-B0-5710-01Z-00-DX1,2,0,4
TCGA-B0-5710-01Z-00-DX1,2,1,6
TCGA-B0-5710-01Z-00-DX1,2,2,2
TCGA-B0-5710-01Z-00-DX1,2,3,3
TCGA-B0-5710-01Z-00-DX1,2,4,6
TCGA-B0-5710-01Z-00-DX1,2,5,5
TCGA-B0-5710-01Z-00-DX1,2,6,4
TCGA-B0-5710-01Z-00-DX1,2,7,3
TCGA-B0-5710-01Z-00-DX1,3,0,3
TCGA-B0-5710-01Z-00-DX1,3,1,8
TCGA-B0-5710-01Z-00-DX1,3,2,3
TCGA-B0-5710-01Z-00-DX1,3,3,2
TCGA-B0-5710-01Z-00-DX1,3,4,5
TCGA-B0-5710-01Z-00-DX1,3,5,4
TCGA-B0-5710-01Z-00-DX1,3,6,4
TCGA-B0-5710-01Z-00-DX1,3,7,6
TCGA-B0-5710-01Z-00-DX1,4,0,4
TCGA-B0-5710-01Z-00-DX1,4,1,3
TCGA-B0-5710-01Z-00-DX1,4,2,4
TCGA-B0-5710-01Z-00-DX1,4,3,2
TCGA-B0-5710-01Z-00-DX1,4,4,2
TCGA-B0-5710-01Z-00-DX1,4,5,4
TCGA-B0-5710-01Z-00-DX1,4,6,1
TCGA-B0-5710-01Z-00-DX1,4,7,4
TCGA-B0-5710-01Z-00-DX1,5,0,4
TCGA-B0-5710-01Z-00-DX1,5,1,4
TCGA-B0-5710-01Z-00-DX1,5,2,5
TCGA-B0-5710-01Z-00-DX1,5,3,2
TCGA-B0-5710-01Z-00-DX1,5,4,3
TCGA-B0-5710-01Z-00-DX1,5,5,2
TCGA-B0-5710-01Z-00-DX1,5,6,4
TCGA-B0-5710-01Z-00-DX1,5,7,3
TCGA-B0-5710-01Z-00-DX1,6,0,3
TCGA-B0-5710-01Z-00-DX1,6,1,2
TCGA-B0-5710-01Z-00-DX1,6,2,4
TCGA-B0-5710-01Z-00-DX1,6,3,4
TCGA-B0-5710-01Z-00-DX1,6,4,4
TCGA-B0-5710-01Z-00-DX1,6,5,5
TCGA-B0-5710-01Z-00-DX1,6,6,3
TCGA-B0-5710-01Z-00-DX1,6,7,2
TCGA-B0-5710-01Z-00-DX1,7,0,6
TCGA-B0-5710-01Z-00-DX1,7,1,5
TCGA-B0-5710-01Z-00-DX1,7,2,3
TCGA-B0-5710-01Z-00-DX1,7,3,6
TCGA-B0-5710-01Z-00-DX1,7,4,5
TCGA-B0-5710-01Z-00-DX1,7,5,5
TCGA-B0-5710-01Z-00-DX1,7,6,6
TCGA-B0-5710-01Z-00-DX1,7,7,4
TCGA-B0-5711-01Z-00-DX1,0,0,2
TCGA-B0-5711-01Z-00-DX1,0,1,4
TCGA-B0-5711-01Z-00-DX1,0,2,2
TCGA-B0-5711-01Z-00-DX1,0,3,4
TCGA-B0-5711-01Z-00-DX1,0,4,3
TCGA-B0-5711-01Z-00-DX1,0,5,5
TCGA-B0-5711-01Z-00-DX1,0,6,5
TCGA-B0-5711-01Z-00-DX1,0,7,5
TCGA-B0-5711-01Z-00-DX1,1,0,1
TCGA-B0-5711-01Z-00-DX1,1,1,5
TCGA-B0-5711-01Z-00-DX1,1,2,1
TCGA-B0-5711-01Z-00-DX1,1,3,4
TCGA-B0-5711-01Z-00-DX1,1,4,2
TCGA-B0-5711-01Z-00-DX1,1,5,6
TCGA-B0-5711-01Z-00-DX1,1,6,5
TCGA-B0-5711-01Z-00-DX1,1,7,2
TCGA-B0-5711-01Z-00-DX1,2,0,1
TCGA-B0-5711-01Z-00-DX1,2,1,5
TCGA-B0-5711-01Z-00-DX1,2,2,4
TCGA-B0-5711-01Z-00-DX1,2,3,3
TCGA-B0-5711-01Z-00-DX1,2,4,4
TCGA-B0-5711-01Z-00-DX1,2,5,3
TCGA-B0-5711-01Z-00-DX1,2,6,4
TCGA-B0-5711-01Z-00-DX1,2,7,4
TCGA-B0-5711-01Z-00-DX1,3,0,4
TCGA-B0-5711-01Z-00-DX1,3,1,4
TCGA-B0-5711-01Z-00-DX1,3,2,3
TCGA-B0-5711-01Z-00-DX1,3,3,3
TCGA-B0-5711-01Z-00-DX1,3,4,4
TCGA-B0-5711-01Z-00-DX1,3,5,4
TCGA-B0-5711-01Z-00-DX1,3,6,4
TCGA-B0-5711-01Z-00-DX1,3,7,6
TCGA-B0-5711-01Z-00-DX1,4,0,1
TCGA-B0-5711-01Z-00-DX1,4,1,3
TCGA-B0-5711-01Z-00-DX1,4,2,2
TCGA-B0-5711-01Z-00-DX1,4,3,4
TCGA-B0-5711-01Z-00-DX1,4,4,4
TCGA-B0-5711-01Z-00-DX1,4,5,4
TCGA-B0-5711-01Z-00-DX1,4,6,8
TCGA-B0-5711-01Z-00-DX1,4,7,7
TCGA-B0-5711-01Z-00-DX1,5,0,2
TCGA-B0-5711-01Z-00-DX1,5,1,5
TCGA-B0-5711-01Z-00-DX1,5,2,5
TCGA-B0-5711-01Z-00-DX1,5,3,5
TCGA-B0-5711-01Z-00-DX1,5,4,8
TCGA-B0-5711-01Z-00-DX1,5,5,6
TCGA-B0-5711-01Z-00-DX1,5,6,4
TCGA-B0-5711-01Z-00-DX1,5,7,6
TCGA-B0-5711-01Z-00-DX1,6,0,4
TCGA-B0-5711-01Z-00-DX1,6,1,5
TCGA-B0-5711-01Z-00-DX1,6,2,8
TCGA-B0-5711-01Z-00-DX1,6,3,5
TCGA-B0-5711-01Z-00-DX1,6,4,7
TCGA-B0-5711-01Z-00-DX1,6,5,5
TCGA-B0-5711-01Z-00-DX1,6,6,7
TCGA-B0-5711-01Z-00-DX1,6,7,5
TCGA-B0-5711-01Z-00-DX1,7,0,6
TCGA-B0-5711-01Z-00-DX1,7,1,3
TCGA-B0-5711-01Z-00-DX1,7,2,6
TCGA-B0-5711-01Z-00-DX1,7,3,2
TCGA-B0-5711-01Z-00-DX1,7,4,5
TCGA-B0-5711-01Z-00-DX1,7,5,6
TCGA-B0-5711-01Z-00-DX1,7,6,3
TCGA-B0-5711-01Z-00-DX1,7,7,5
TCGA-BC-A217-01Z-00-DX1,0,0,6
TCGA-BC-A217-01Z-00-DX1,0,1,8
TCGA-BC-A217-01Z-00-DX1,0,2,10
TCGA-BC-A217-01Z-00-DX1,0,3,11
TCGA-BC-A217-01Z-00-DX1,0,4,6
TCGA-BC-A217-01Z-00-DX1,0,5,8
TCGA-BC-A217-01Z-00-DX1,0,6,9
TCGA-BC-A217-01Z-00-DX1,0,7,4
TCGA-BC-A217-01Z-00-DX1,1,0,8
TCGA-BC-A217-01Z-00-DX1,1,1,7
TCGA-BC-A217-01Z-00-DX1,1,2,6
TCGA-BC-A217-01Z-00-DX1,1,3,9
TCGA-BC-A217-01Z-00-DX1,1,4,5
TCGA-BC-A217-01Z-00-DX1,1,5,5
TCGA-BC-A217-01Z-00-DX1,1,6,5
TCGA-BC-A217-01Z-00-DX1,1,7,10
TCGA-BC-A217-01Z-00-DX1,2,0,7
TCGA-BC-A217-01Z-00-DX1,2,1,8
TCGA-BC-A217-01Z-00-DX1,2,2,5
TCGA-BC-A217-01Z-00-DX1,2,3,5
TCGA-BC-A217-01Z-00-DX1,2,4,7
TCGA-BC-A217-01Z-00-DX1,2,5,4
TCGA-BC-A217-01Z-00-DX1,2,6,7
TCGA-BC-A217-01Z-00-DX1,2,7,5
TCGA-BC-A217-01Z-00-DX1,3,0,9
TCGA-BC-A217-01Z-00-DX1,3,1,9
TCGA-BC-A217-01Z-00-DX1,3,2,3
TCGA-BC-A217-01Z-00-DX1,3,3,5
TCGA-BC-A217-01Z-00-DX1,3,4,7
TCGA-BC-A217-01Z-00-DX1,3,5,7
TCGA-BC-A217-01Z-00-DX1,3,6,7
TCGA-BC-A217-01Z-00-DX1,3,7,8
TCGA-BC-A217-01Z-00-DX1,4,0,7
TCGA-BC-A217-01Z-00-DX1,4,1,8
TCGA-BC-A217-01Z-00-DX1,4,2,8
TCGA-BC-A217-01Z-00-DX1,4,3,7
TCGA-BC-A217-01Z-00-DX1,4,4,2
TCGA-BC-A217-01Z-00-DX1,4,5,9
TCGA-BC-A217-01Z-00-DX1,4,6,8
TCGA-BC-A217-01Z-00-DX1,4,7,12
TCGA-BC-A217-01Z-00-DX1,5,0,9
TCGA-BC-A217-01Z-00-DX1,5,1,7
TCGA-BC-A217-01Z-00-DX1,5,2,9
TCGA-BC-A217-01Z-00-DX1,5,3,6
TCGA-BC-A217-01Z-00-DX1,5,4,4
TCGA-BC-A217-01Z-00-DX1,5,5,8
TCGA-BC-A217-01Z-00-DX1,5,6,7
TCGA-BC-A217-01Z-00-DX1,5,7,7
TCGA-BC-A217-01Z-00-DX1,6,0,7
TCGA-BC-A217-01Z-00-DX1,6,1,8
TCGA-BC-A217-01Z-00-DX1,6,2,8
TCGA-BC-A217-01Z-00-DX1,6,3,7
TCGA-BC-A217-01Z-00-DX1,6,4,6
TCGA-BC-A217-01Z-00-DX1,6,5,7
TCGA-BC-A217-01Z-00-DX1,6,6,8
TCGA-BC-A217-01Z-00-DX1,6,7,6
TCGA-BC-A217-01Z-00-DX1,7,0,6
TCGA-BC-A217-01Z-00-DX1,7,1,8
TCGA-BC-A217-01Z-00-DX1,7,2,8
TCGA-BC-A217-01Z-00-DX1,7,3,6
TCGA-BC-A217-01Z-00-DX1,7,4,5
TCGA-BC-A217-01Z-00-DX1,7,5,5
TCGA-BC-A217-01Z-00-DX1,7,6,8
TCGA-BC-A217-01Z-00-DX1,7,7,5
TCGA-CH-5767-01Z-00-DX1,0,0,1
TCGA-CH-5767-01Z-00-DX1,0,1,0
TCGA-CH-5767-01Z-00-DX1,0,2,2
TCGA-CH-5767-01Z-00-DX1,0,3,3
TCGA-CH-5767-01Z-00-DX1,0,4,3
TCGA-CH-5767-01Z-00-DX1,0,5,0
TCGA-CH-5767-01Z-00-DX1,0,6,6
TCGA-CH-5767-01Z-00-DX1,0,7,0
TCGA-CH-5767-01Z-00-DX1,1,0,1
TCGA-CH-5767-01Z-00-DX1,1,1,1
TCGA-CH-5767-01Z-00-DX1,1,2,1
TCGA-CH-5767-01Z-00-DX1,1,3,5
TCGA-CH-5767-01Z-00-DX1,1,4,6
TCGA-CH-5767-01Z-00-DX1,1,5,1
TCGA-CH-5767-01Z-00-DX1,1,6,0
TCGA-CH-5767-01Z-00-DX1,1,7,1
TCGA-CH-5767-01Z-00-DX1,2,0,1
TCGA-CH-5767-01Z-00-DX1,2,1,0
TCGA-CH-5767-01Z-00-DX1,2,2,0
TCGA-CH-5767-01Z-00-DX1,2,3,5
TCGA-CH-5767-01Z-00-DX1,2,4,0
TCGA-CH-5767-01Z-00-DX1,2,5,3
TCGA-CH-5767-01Z-00-DX1,2,6,3
TCGA-CH-5767-01Z-00-DX1,2,7,3
TCGA-CH-5767-01Z-00-DX1,3,0,1
TCGA-CH-5767-01Z-00-DX1,3,1,2
TCGA-CH-5767-01Z-00-DX1,3,2,1
TCGA-CH-5767-01Z-00-DX1,3,3,2
TCGA-CH-5767-01Z-00-DX1,3,4,0
TCGA-CH-5767-01Z-00-DX1,3,5,0
TCGA-CH-5767-01Z-00-DX1,3,6,3
TCGA-CH-5767-01Z-00-DX1,3,7,2
TCGA-CH-5767-01Z-00-DX1,4,0,0
TCGA-CH-5767-01Z-00-DX1,4,1,3
TCGA-CH-5767-01Z-00-DX1,4,2,0
TCGA-CH-5767-01Z-00-DX1,4,3,0
TCGA-CH-5767-01Z-00-DX1,4,4,2
TCGA-CH-5767-01Z-00-DX1,4,5,0
TCGA-CH-5767-01Z-00-DX1,4,6,0
TCGA-CH-5767-01Z-00-DX1,4,7,0
TCGA-CH-5767-01Z-00-DX1,5,0,1
TCGA-CH-5767-01Z-00-DX1,5,1,3
TCGA-CH-5767-01Z-00-DX1,5,2,1
TCGA-CH-5767-01Z-00-DX1,5,3,2
TCGA-CH-5767-01Z-00-DX1,5,4,0
TCGA-CH-5767-01Z-00-DX1,5,5,0
TCGA-CH-5767-01Z-00-DX1,5,6,3
TCGA-CH-5767-01Z-00-DX1,5,7,1
TCGA-CH-5767-01Z-00-DX1,6,0,0
TCGA-CH-5767-01Z-00-DX1,6,1,4
TCGA-CH-5767-01Z-00-DX1,6,2,2
TCGA-CH-5767-01Z-00-DX1,6,3,6
TCGA-CH-5767-01Z-00-DX1,6,4,8
TCGA-CH-5767-01Z-00-DX1,6,5,2
TCGA-CH-5767-01Z-00-DX1,6,6,2
TCGA-CH-5767-01Z-00-DX1,6,7,0
TCGA-CH-5767-01Z-00-DX1,7,0,1
TCGA-CH-5767-01Z-00-DX1,7,1,0
TCGA-CH-5767-01Z-00-DX1,7,2,0
TCGA-CH-5767-01Z-00-DX1,7,3,0
TCGA-CH-5767-01Z-00-DX1,7,4,4
TCGA-CH-5767-01Z-00-DX1,7,5,3
TCGA-CH-5767-01Z-00-DX1,7,6,1
TCGA-CH-5767-01Z-00-DX1,7,7,1
TCGA-DK-A2I6-01A-01-TS1,0,0,7
TCGA-DK-A2I6-01A-01-TS1,0,1,3
TCGA-DK-A2I6-01A-01-TS1,0,2,4
TCGA-DK-A2I6-01A-01-TS1,0,3,2
TCGA-DK-A2I6-01A-01-TS1,0,4,4
TCGA-DK-A2I6-01A-01-TS1,0,5,4
TCGA-DK-A2I6-01A-01-TS1,0,6,3
TCGA-DK-A2I6-01A-01-TS1,0,7,5
TCGA-DK-A2I6-01A-01-TS1,1,0,7
TCGA-DK-A2I6-01A-01-TS1,1,1,3
TCGA-DK-A2I6-01A-01-TS1,1,2,4
TCGA-DK-A2I6-01A-01-TS1,1,3,5
TCGA-DK-A2I6-01A-01-TS1,1,4,3
TCGA-DK-A2I6-01A-01-TS1,1,5,6
TCGA-DK-A2I6-01A-01-TS1,1,6,3
TCGA-DK-A2I6-01A-01-TS1,1,7,6
TCGA-DK-A2I6-01A-01-TS1,2,0,5
TCGA-DK-A2I6-01A-01-TS1,2,1,5
TCGA-DK-A2I6-01A-01-TS1,2,2,3
TCGA-DK-A2I6-01A-01-TS1,2,3,5
TCGA-DK-A2I6-01A-01-TS1,2,4,5
TCGA-DK-A2I6-01A-01-TS1,2,5,4
TCGA-DK-A2I6-01A-01-TS1,2,6,4
TCGA-DK-A2I6-01A-01-TS1,2,7,5
TCGA-DK-A2I6-01A-01-TS1,3,0,2
TCGA-DK-A2I6-01A-01-TS1,3,1,5
TCGA-DK-A2I6-01A-01-TS1,3,2,4
TCGA-DK-A2I6-01A-01-TS1,3,3,2
TCGA-DK-A2I6-01A-01-TS1,3,4,3
TCGA-DK-A2I6-01A-01-TS1,3,5,4
TCGA-DK-A2I6-01A-01-TS1,3,6,5
TCGA-DK-A2I6-01A-01-TS1,3,7,4
TCGA-DK-A2I6-01A-01-TS1,4,0,1
TCGA-DK-A2I6-01A-01-TS1,4,1,7
TCGA-DK-A2I6-01A-01-TS1,4,2,4
TCGA-DK-A2I6-01A-01-TS1,4,3,5
TCGA-DK-A2I6-01A-01-TS1,4,4,5
TCGA-DK-A2I6-01A-01-TS1,4,5,4
TCGA-DK-A2I6-01A-01-TS1,4,6,3
TCGA-DK-A2I6-01A-01-TS1,4,7,4
TCGA-DK-A2I6-01A-01-TS1,5,0,3
TCGA-DK-A2I6-01A-01-TS1,5,1,5
TCGA-DK-A2I6-01A-01-TS1,5,2,4
TCGA-DK-A2I6-01A-01-TS1,5,3,4
TCGA-DK-A2I6-01A-01-TS1,5,4,6
TCGA-DK-A2I6-01A-01-TS1,5,5,5
TCGA-DK-A2I6-01A-01-TS1,5,6,4
TCGA-DK-A2I6-01A-01-TS1,5,7,3
TCGA-DK-A2I6-01A-01-TS1,6,0,6
TCGA-DK-A2I6-01A-01-TS1,6,1,4
TCGA-DK-A2I6-01A-01-TS1,6,2,4
TCGA-DK-A2I6-01A-01-TS1,6,3,6
TCGA-DK-A2I6-01A-01-TS1,6,4,4
TCGA-DK-A2I6-01A-01-TS1,6,5,2
TCGA-DK-A2I6-01A-01-TS1,6,6,4
TCGA-DK-A2I6-01A-01-TS1,6,7,5
TCGA-DK-A2I6-01A-01-TS1,7,0,5
TCGA-DK-A2I6-01A-01-TS1,7,1,5
TCGA-DK-A2I6-01A-01-TS1,7,2,3
TCGA-DK-A2I6-01A-01-TS1,7,3,5
TCGA-DK-A2I6-01A-01-TS1,7,4,5
TCGA-DK-A2I6-01A-01-TS1,7,5,2
TCGA-DK-A2I6-01A-01-TS1,7,6,5
TCGA-DK-A2I6-01A-01-TS1,7,7,1
TCGA-E2-A14V-01Z-00-DX1,0,0,7
TCGA-E2-A14V-01Z-00-DX1,0,1,2
TCGA-E2-A14V-01Z-00-DX1,0,2,6
TCGA-E2-A14V-01Z-00-DX1,0,3,3
TCGA-E2-A14V-01Z-00-DX1,0,4,2
TCGA-E2-A14V-01Z-00-DX1,0,5,6
TCGA-E2-A14V-01Z-00-DX1,0,6,9
TCGA-E2-A14V-01Z-00-DX1,0,7,16
TCGA-E2-A14V-01Z-00-DX1,1,0,1
TCGA-E2-A14V-01Z-00-DX1,1,1,4
TCGA-E2-A14V-01Z-00-DX1,1,2,2
TCGA-E2-A14V-01Z-00-DX1,1,3,6
TCGA-E2-A14V-01Z-00-DX1,1,4,3
TCGA-E2-A14V-01Z-00-DX1,1,5,5
TCGA-E2-A14V-01Z-00-DX1,1,6,4
TCGA-E2-A14V-01Z-00-DX1,1,7,7
TCGA-E2-A14V-01Z-00-DX1,2,0,4
TCGA-E2-A14V-01Z-00-DX1,2,1,2
TCGA-E2-A14V-01Z-00-DX1,2,2,1
TCGA-E2-A14V-01Z-00-DX1,2,3,2
TCGA-E2-A14V-01Z-00-DX1,2,4,4
TCGA-E2-A14V-01Z-00-DX1,2,5,5
TCGA-E2-A14V-01Z-00-DX1,2,6,6
TCGA-E2-A14V-01Z-00-DX1,2,7,7
TCGA-E2-A14V-01Z-00-DX1,3,0,4
TCGA-E2-A14V-01Z-00-DX1,3,1,5
TCGA-E2-A14V-01Z-00-DX1,3,2,4
TCGA-E2-A14V-01Z-00-DX1,3,3,3
TCGA-E2-A14V-01Z-00-DX1,3,4,5
TCGA-E2-A14V-01Z-00-DX1,3,5,5
TCGA-E2-A14V-01Z-00-DX1,3,6,8
TCGA-E2-A14V-01Z-00-DX1,3,7,10
TCGA-E2-A14V-01Z-00-DX1,4,0,1
TCGA-E2-A14V-01Z-00-DX1,4,1,1
TCGA-E2-A14V-01Z-00-DX1,4,2,3
TCGA-E2-A14V-01Z-00-DX1,4,3,3
TCGA-E2-A14V-01Z-00-DX1,4,4,6
TCGA-E2-A14V-01Z-00-DX1,4,5,7
TCGA-E2-A14V-01Z-00-DX1,4,6,6
TCGA-E2-A14V-01Z-00-DX1,4,7,9
TCGA-E2-A14V-01Z-00-DX1,5,0,6
TCGA-E2-A14V-01Z-00-DX1,5,1,7
TCGA-E2-A14V-01Z-00-DX1,5,2,3
TCGA-E2-A14V-01Z-00-DX1,5,3,2
TCGA-E2-A14V-01Z-00-DX1,5,4,7
TCGA-E2-A14V-01Z-00-DX1,5,5,1
TCGA-E2-A14V-01Z-00-DX1,5,6,2
TCGA-E2-A14V-01Z-00-DX1,5,7,10
TCGA-E2-A14V-01Z-00-DX1,6,0,3
TCGA-E2-A14V-01Z-00-DX1,6,1,3
TCGA-E2-A14V-01Z-00-DX1,6,2,2
TCGA-E2-A14V-01Z-00-DX1,6,3,6
TCGA-E2-A14V-01Z-00-DX1,6,4,4
TCGA-E2-A14V-01Z-00-DX1,6,5,4
TCGA-E2-A14V-01Z-00-DX1,6,6,4
TCGA-E2-A14V-01Z-00-DX1,6,7,8
TCGA-E2-A14V-01Z-00-DX1,7,0,2
TCGA-E2-A14V-01Z-00-DX1,7,1,2
TCGA-E2-A14V-01Z-00-DX1,7,2,5
TCGA-E2-A14V-01Z-00-DX1,7,3,1
TCGA-E2-A14V-01Z-00-DX1,7,4,2
TCGA-E2-A14V-01Z-00-DX1,7,5,5
TCGA-E2-A14V-01Z-00-DX1,7,6,3
TCGA-E2-A14V-01Z-00-DX1,7,7,7
TCGA-E2-A1B5-01Z-00-DX1,0,0,0
TCGA-E2-A1B5-01Z-00-DX1,0,1,1
TCGA-E2-A1B5-01Z-00-DX1,0,2,1
TCGA-E2-A1B5-01Z-00-DX1,0,3,0
TCGA-E2-A1B5-01Z-00-DX1,0,4,1
TCGA-E2-A1B5-01Z-00-DX1,0,5,1
TCGA-E2-A1B5-01Z-00-DX1,0,6,0
TCGA-E2-A1B5-01Z-00-DX1,0,7,1
TCGA-E2-A1B5-01Z-00-DX1,1,0,0
TCGA-E2-A1B5-01Z-00-DX1,1,1,3
TCGA-E2-A1B5-01Z-00-DX1,1,2,0
TCGA-E2-A1B5-01Z-00-DX1,1,3,1
TCGA-E2-A1B5-01Z-00-DX1,1,4,0
TCGA-E2-A1B5-01Z-00-DX1,1,5,0
TCGA-E2-A1B5-01Z-00-DX1,1,6,3
TCGA-E2-A1B5-01Z-00-DX1,1,7,0
TCGA-E2-A1B5-01Z-00-DX1,2,0,3
TCGA-E2-A1B5-01Z-00-DX1,2,1,5
TCGA-E2-A1B5-01Z-00-DX1,2,2,3
TCGA-E2-A1B5-01Z-00-DX1,2,3,3
TCGA-E2-A1B5-01Z-00-DX1,2,4,1
TCGA-E2-A1B5-01Z-00-DX1,2,5,2
TCGA-E2-A1B5-01Z-00-DX1,2,6,7
TCGA-E2-A1B5-01Z-00-DX1,2,7,4
TCGA-E2-A1B5-01Z-00-DX1,3,0,6
TCGA-E2-A1B5-01Z-00-DX1,3,1,3
TCGA-E2-A1B5-01Z-00-DX1,3,2,4
TCGA-E2-A1B5-01Z-00-DX1,3,3,1
TCGA-E2-A1B5-01Z-00-DX1,3,4,3
TCGA-E2-A1B5-01Z-00-DX1,3,5,5
TCGA-E2-A1B5-01Z-00-DX1,3,6,5
TCGA-E2-A1B5-01Z-00-DX1,3,7,0
TCGA-E2-A1B5-01Z-00-DX1,4,0,3
TCGA-E2-A1B5-01Z-00-DX1,4,1,3
TCGA-E2-A1B5-01Z-00-DX1,4,2,0
TCGA-E2-A1B5-01Z-00-DX1,4,3,0
TCGA-E2-A1B5-01Z-00-DX1,4,4,8
TCGA-E2-A1B5-01Z-00-DX1,4,5,9
TCGA-E2-A1B5-01Z-00-DX1,4,6,2
TCGA-E2-A1B5-01Z-00-DX1,4,7,2
TCGA-E2-A1B5-01Z-00-DX1,5,0,0
TCGA-E2-A1B5-01Z-00-DX1,5,1,0
TCGA-E2-A1B5-01Z-00-DX1,5,2,0
TCGA-E2-A1B5-01Z-00-DX1,5,3,1
TCGA-E2-A1B5-01Z-00-DX1,5,4,2
TCGA-E2-A1B5-01Z-00-DX1,5,5,1
TCGA-E2-A1B5-01Z-00-DX1,5,6,1
TCGA-E2-A1B5-01Z-00-DX1,5,7,3
TCGA-E2-A1B5-01Z-00-DX1,6,0,0
TCGA-E2-A1B5-01Z-00-DX1,6,1,1
TCGA-E2-A1B5-01Z-00-DX1,6,2,0
TCGA-E2-A1B5-01Z-00-DX1,6,3,0
TCGA-E2-A1B5-01Z-00-DX1,6,4,1
TCGA-E2-A1B5-01Z-00-DX1,6,5,0
TCGA-E2-A1B5-01Z-00-DX1,6,6,1
TCGA-E2-A1B5-01Z-00-DX1,6,7,2
TCGA-E2-A1B5-01Z-00-DX1,7,0,0
TCGA-E2-A1B5-01Z-00-DX1,7,1,0
TCGA-E2-A1B5-01Z-00-DX1,7,2,0
TCGA-E2-A1B5-01Z-00-DX1,7,3,0
TCGA-E2-A1B5-01Z-00-DX1,7,4,2
TCGA-E2-A1B5-01Z-00-DX1,7,5,2
TCGA-E2-A1B5-01Z-00-DX1,7,6,4
TCGA-E2-A1B5-01Z-00-DX1,7,7,0
TCGA-F9-A8NY-01Z-00-DX1,0,0,14
TCGA-F9-A8NY-01Z-00-DX1,0,1,14
TCGA-F9-A8NY-01Z-00-DX1,0,2,6
TCGA-F9-A8NY-01Z-00-DX1,0,3,14
TCGA-F9-A8NY-01Z-00-DX1,0,4,13
TCGA-F9-A8NY-01Z-00-DX1,0,5,10
TCGA-F9-A8NY-01Z-00-DX1,0,6,12
TCGA-F9-A8NY-01Z-00-DX1,0,7,10
TCGA-F9-A8NY-01Z-00-DX1,1,0,17
TCGA-F9-A8NY-01Z-00-DX1,1,1,9
TCGA-F9-A8NY-01Z-00-DX1,1,2,12
TCGA-F9-A8NY-01Z-00-DX1,1,3,13
TCGA-F9-A8NY-01Z-00-DX1,1,4,15
TCGA-F9-A8NY-01Z-00-DX1,1,5,12
TCGA-F9-A8NY-01Z-00-DX1,1,6,17
TCGA-F9-A8NY-01Z-00-DX1,1,7,9
TCGA-F9-A8NY-01Z-00-DX1,2,0,17
TCGA-F9-A8NY-01Z-00-DX1,2,1,15
TCGA-F9-A8NY-01Z-00-DX1,2,2,10
TCGA-F9-A8NY-01Z-00-DX1,2,3,12
TCGA-F9-A8NY-01Z-00-DX1,2,4,13
TCGA-F9-A8NY-01Z-00-DX1,2,5,14
TCGA-F9-A8NY-01Z-00-DX1,2,6,15
TCGA-F9-A8NY-01Z-00-DX1,2,7,11
TCGA-F9-A8NY-01Z-00-DX1,3,0,9
TCGA-F9-A8NY-01Z-00-DX1,3,1,15
TCGA-F9-A8NY-01Z-00-DX1,3,2,14
TCGA-F9-A8NY-01Z-00-DX1,3,3,13
TCGA-F9-A8NY-01Z-00-DX1,3,4,18
TCGA-F9-A8NY-01Z-00-DX1,3,5,15
TCGA-F9-A8NY-01Z-00-DX1,3,6,11
TCGA-F9-A8NY-01Z-00-DX1,3,7,12
TCGA-F9-A8NY-01Z-00-DX1,4,0,14
TCGA-F9-A8NY-01Z-00-DX1,4,1,15
TCGA-F9-A8NY-01Z-00-DX1,4,2,12
TCGA-F9-A8NY-01Z-00-DX1,4,3,18
TCGA-F9-A8NY-01Z-00-DX1,4,4,12
TCGA-F9-A8NY-01Z-00-DX1,4,5,19
TCGA-F9-A8NY-01Z-00-DX1,4,6,12
TCGA-F9-A8NY-01Z-00-DX1,4,7,14
TCGA-F9-A8NY-01Z-00-DX1,5,0,18
TCGA-F9-A8NY-01Z-00-DX1,5,1,12
TCGA-F9-A8NY-01Z-00-DX1,5,2,15
TCGA-F9-A8NY-01Z-00-DX1,5,3,15
TCGA-F9-A8NY-01Z-00-DX1,5,4,15
TCGA-F9-A8NY-01Z-00-DX1,5,5,9
TCGA-F9-A8NY-01Z-00-DX1,5,6,15
TCGA-F9-A8NY-01Z-00-DX1,5,7,11
TCGA-F9-A8NY-01Z-00-DX1,6,0,11
TCGA-F9-A8NY-01Z-00-DX1,6,1,13
TCGA-F9-A8NY-01Z-00-DX1,6,2,10
TCGA-F9-A8NY-01Z-00-DX1,6,3,10
TCGA-F9-A8NY-01Z-00-DX1,6,4,16
TCGA-F9-A8NY-01Z-00-DX1,6,5,10
TCGA-F9-A8NY-01Z-00-DX1,6,6,8
TCGA-F9-A8NY-01Z-00-DX1,6,7,15
TCGA-F9-A8NY-01Z-00-DX1,7,0,13
TCGA-F9-A8NY-01Z-00-DX1,7,1,11
TCGA-F9-A8NY-01Z-00-DX1,7,2,15
TCGA-F9-A8NY-01Z-00-DX1,7,3,11
TCGA-F9-A8NY-01Z-00-DX1,7,4,10
TCGA-F9-A8NY-01Z-00-DX1,7,5,11
TCGA-F9-A8NY-01Z-00-DX1,7,6,11
TCGA-F9-A8NY-01Z-00-DX1,7,7,10
TCGA-FG-A87N-01Z-00-DX1,0,0,13
TCGA-FG-A87N-01Z-00-DX1,0,1,7
TCGA-FG-A87N-01Z-00-DX1,0,2,14
TCGA-FG-A87N-01Z-00-DX1,0,3,13
TCGA-FG-A87N-01Z-00-DX1,0,4,10
TCGA-FG-A87N-01Z-00-DX1,0,5,9
TCGA-FG-A87N-01Z-00-DX1,0,6,9
TCGA-FG-A87N-01Z-00-DX1,0,7,10
TCGA-FG-A87N-01Z-00-DX1,1,0,8
TCGA-FG-A87N-01Z-00-DX1,1,1,12
TCGA-FG-A87N-01Z-00-DX1,1,2,14
TCGA-FG-A87N-01Z-00-DX1,1,3,9
TCGA-FG-A87N-01Z-00-DX1,1,4,10
TCGA-FG-A87N-01Z-00-DX1,1,5,4
TCGA-FG-A87N-01Z-00-DX1,1,6,10
TCGA-FG-A87N-01Z-00-DX1,1,7,7
TCGA-FG-A87N-01Z-00-DX1,2,0,8
TCGA-FG-A87N-01Z-00-DX1,2,1,10
TCGA-FG-A87N-01Z-00-DX1,2,2,11
TCGA-FG-A87N-01Z-00-DX1,2,3,10
TCGA-FG-A87N-01Z-00-DX1,2,4,7
TCGA-FG-A87N-01Z-00-DX1,2,5,11
TCGA-FG-A87N-01Z-00-DX1,2,6,12
TCGA-FG-A87N-01Z-00-DX1,2,7,8
TCGA-FG-A87N-01Z-00-DX1,3,0,10
TCGA-FG-A87N-01Z-00-DX1,3,1,12
TCGA-FG-A87N-01Z-00-DX1,3,2,8
TCGA-FG-A87N-01Z-00-DX1,3,3,14
TCGA-FG-A87N-01Z-00-DX1,3,4,10
TCGA-FG-A87N-01Z-00-DX1,3,5,8
TCGA-FG-A87N-01Z-00-DX1,3,6,10
TCGA-FG-A87N-01Z-00-DX1,3,7,8
TCGA-FG-A87N-01Z-00-DX1,4,0,9
TCGA-FG-A87N-01Z-00-DX1,4,1,11
TCGA-FG-A87N-01Z-00-DX1,4,2,11
TCGA-FG-A87N-01Z-00-DX1,4,3,8
TCGA-FG-A87N-01Z-00-DX1,4,4,10
TCGA-FG-A87N-01Z-00-DX1,4,5,10
TCGA-FG-A87N-01Z-00-DX1,4,6,11
TCGA-FG-A87N-01Z-00-DX1,4,7,9
TCGA-FG-A87N-01Z-00-DX1,5,0,11
TCGA-FG-A87N-01Z-00-DX1,5,1,10
TCGA-FG-A87N-01Z-00-DX1,5,2,13
TCGA-FG-A87N-01Z-00-DX1,5,3,9
TCGA-FG-A87N-01Z-00-DX1,5,4,13
TCGA-FG-A87N-01Z-00-DX1,5,5,7
TCGA-FG-A87N-01Z-00-DX1,5,6,10
TCGA-FG-A87N-01Z-00-DX1,5,7,8
TCGA-FG-A87N-01Z-00-DX1,6,0,5
TCGA-FG-A87N-01Z-00-DX1,6,1,7
TCGA-FG-A87N-01Z-00-DX1,6,2,8
TCGA-FG-A87N-01Z-00-DX1,6,3,8
TCGA-FG-A87N-01Z-00-DX1,6,4,8
TCGA-FG-A87N-01Z-00-DX1,6,5,10
TCGA-FG-A87N-01Z-00-DX1,6,6,8
TCGA-FG-A87N-01Z-00-DX1,6,7,7
TCGA-FG-A87N-01Z-00-DX1,7,0,9
TCGA-FG-A87N-01Z-00-DX1,7,1,9
TCGA-FG-A87N-01Z-00-DX1,7,2,8
TCGA-FG-A87N-01Z-00-DX1,7,3,8
TCGA-FG-A87N-01Z-00-DX1,7,4,8
TCGA-FG-A87N-01Z-00-DX1,7,5,10
TCGA-FG-A87N-01Z-00-DX1,7,6,8
TCGA-FG-A87N-01Z-00-DX1,7,7,8
TCGA-G2-A2EK-01A-02-TSB,0,0,7
TCGA-G2-A2EK-01A-02-TSB,0,1,4
TCGA-G2-A2EK-01A-02-TSB,0,2,5
TCGA-G2-A2EK-01A-02-TSB,0,3,3
TCGA-G2-A2EK-01A-02-TSB,0,4,2
TCGA-G2-A2EK-01A-02-TSB,0,5,7
TCGA-G2-A2EK-01A-02-TSB,0,6,6
TCGA-G2-A2EK-01A-02-TSB,0,7,4
TCGA-G2-A2EK-01A-02-TSB,1,0,8
TCGA-G2-A2EK-01A-02-TSB,1,1,5
TCGA-G2-A2EK-01A-02-TSB,1,2,2
TCGA-G2-A2EK-01A-02-TSB,1,3,2
TCGA-G2-A2EK-01A-02-TSB,1,4,4
TCGA-G2-A2EK-01A-02-TSB,1,5,4
TCGA-G2-A2EK-01A-02-TSB,1,6,7
TCGA-G2-A2EK-01A-02-TSB,1,7,3
TCGA-G2-A2EK-01A-02-TSB,2,0,11
TCGA-G2-A2EK-01A-02-TSB,2,1,5
TCGA-G2-A2EK-01A-02-TSB,2,2,4
TCGA-G2-A2EK-01A-02-TSB,2,3,5
TCGA-G2-A2EK-01A-02-TSB,2,4,6
TCGA-G2-A2EK-01A-02-TSB,2,5,6
TCGA-G2-A2EK-01A-02-TSB,2,6,6
TCGA-G2-A2EK-01A-02-TSB,2,7,0
TCGA-G2-A2EK-01A-02-TSB,3,0,5
TCGA-G2-A2EK-01A-02-TSB,3,1,6
TCGA-G2-A2EK-01A-02-TSB,3,2,5
TCGA-G2-A2EK-01A-02-TSB,3,3,4
TCGA-G2-A2EK-01A-02-TSB,3,4,4
TCGA-G2-A2EK-01A-02-TSB,3,5,7
TCGA-G2-A2EK-01A-02-TSB,3,6,6
TCGA-G2-A2EK-01A-02-TSB,3,7,6
TCGA-G2-A2EK-01A-02-TSB,4,0,7
TCGA-G2-A2EK-01A-02-TSB,4,1,6
TCGA-G2-A2EK-01A-02-TSB,4,2,5
TCGA-G2-A2EK-01A-02-TSB,4,3,0
TCGA-G2-A2EK-01A-02-TSB,4,4,2
TCGA-G2-A2EK-01A-02-TSB,4,5,4
TCGA-G2-A2EK-01A-02-TSB,4,6,6
TCGA-G2-A2EK-01A-02-TSB,4,7,5
TCGA-G2-A2EK-01A-02-TSB,5,0,6
TCGA-G2-A2EK-01A-02-TSB,5,1,7
TCGA-G2-A2EK-01A-02-TSB,5,2,7
TCGA-G2-A2EK-01A-02-TSB,5,3,0
TCGA-G2-A2EK-01A-02-TSB,5,4,7
TCGA-G2-A2EK-01A-02-TSB,5,5,4
TCGA-G2-A2EK-01A-02-TSB,5,6,9
TCGA-G2-A2EK-01A-02-TSB,5,7,3
TCGA-G2-A2EK-01A-02-TSB,6,0,6
TCGA-G2-A2EK-01A-02-TSB,6,1,7
TCGA-G2-A2EK-01A-02-TSB,6,2,6
TCGA-G2-A2EK-01A-02-TSB,6,3,6
TCGA-G2-A2EK-01A-02-TSB,6,4,5
TCGA-G2-A2EK-01A-02-TSB,6,5,7
TCGA-G2-A2EK-01A-02-TSB,6,6,5
TCGA-G2-A2EK-01A-02-TSB,6,7,6
TCGA-G2-A2EK-01A-02-TSB,7,0,6
TCGA-G2-A2EK-01A-02-TSB,7,1,6
TCGA-G2-A2EK-01A-02-TSB,7,2,5
TCGA-G2-A2EK-01A-02-TSB,7,3,7
TCGA-G2-A2EK-01A-02-TSB,7,4,7
TCGA-G2-A2EK-01A-02-TSB,7,5,5
TCGA-G2-A2EK-01A-02-TSB,7,6,4
TCGA-G2-A2EK-01A-02-TSB,7,7,5
TCGA-G9-6336-01Z-00-DX1,0,0,1
TCGA-G9-6336-01Z-00-DX1,0,1,1
TCGA-G9-6336-01Z-00-DX1,0,2,4
TCGA-G9-6336-01Z-00-DX1,0,3,4
TCGA-G9-6336-01Z-00-DX1,0,4,4
TCGA-G9-6336-01Z-00-DX1,0,5,4
TCGA-G9-6336-01Z-00-DX1,0,6,7
TCGA-G9-6336-01Z-00-DX1,0,7,6
TCGA-G9-6336-01Z-00-DX1,1,0,6
TCGA-G9-6336-01Z-00-DX1,1,1,0
TCGA-G9-6336-01Z-00-DX1,1,2,0
TCGA-G9-6336-01Z-00-DX1,1,3,5
TCGA-G9-6336-01Z-00-DX1,1,4,2
TCGA-G9-6336-01Z-00-DX1,1,5,1
TCGA-G9-6336-01Z-00-DX1,1,6,1
TCGA-G9-6336-01Z-00-DX1,1,7,4
TCGA-G9-6336-01Z-00-DX1,2,0,2
TCGA-G9-6336-01Z-00-DX1,2,1,4
TCGA-G9-6336-01Z-00-DX1,2,2,6
TCGA-G9-6336-01Z-00-DX1,2,3,7
TCGA-G9-6336-01Z-00-DX1,2,4,4
TCGA-G9-6336-01Z-00-DX1,2,5,1
TCGA-G9-6336-01Z-00-DX1,2,6,3
TCGA-G9-6336-01Z-00-DX1,2,7,2
TCGA-G9-6336-01Z-00-DX1,3,0,1
TCGA-G9-6336-01Z-00-DX1,3,1,1
TCGA-G9-6336-01Z-00-DX1,3,2,3
TCGA-G9-6336-01Z-00-DX1,3,3,11
TCGA-G9-6336-01Z-00-DX1,3,4,4
TCGA-G9-6336-01Z-00-DX1,3,5,4
TCGA-G9-6336-01Z-00-DX1,3,6,1
TCGA-G9-6336-01Z-00-DX1,3,7,1
TCGA-G9-6336-01Z-00-DX1,4,0,1
TCGA-G9-6336-01Z-00-DX1,4,1,1
TCGA-G9-6336-01Z-00-DX1,4,2,1
TCGA-G9-6336-01Z-00-DX1,4,3,0
TCGA-G9-6336-01Z-00-DX1,4,4,2
TCGA-G9-6336-01Z-00-DX1,4,5,3
TCGA-G9-6336-01Z-00-DX1,4,6,2
TCGA-G9-6336-01Z-00-DX1,4,7,2
TCGA-G9-6336-01Z-00-DX1,5,0,0
TCGA-G9-6336-01Z-00-DX1,5,1,5
TCGA-G9-6336-01Z-00-DX1,5,2,6
TCGA-G9-6336-01Z-00-DX1,5,3,0
TCGA-G9-6336-01Z-00-DX1,5,4,3
TCGA-G9-6336-01Z-00-DX1,5,5,3
TCGA-G9-6336-01Z-00-DX1,5,6,4
TCGA-G9-6336-01Z-00-DX1,5,7,1
TCGA-G9-6336-01Z-00-DX1,6,0,4
TCGA-G9-6336-01Z-00-DX1,6,1,1
TCGA-G9-6336-01Z-00-DX1,6,2,2
TCGA-G9-6336-01Z-00-DX1,6,3,2
TCGA-G9-6336-01Z-00-DX1,6,4,0
TCGA-G9-6336-01Z-00-DX1,6,5,0
TCGA-G9-6336-01Z-00-DX1,6,6,2
TCGA-G9-6336-01Z-00-DX1,6,7,0
TCGA-G9-6336-01Z-00-DX1,7,0,0
TCGA-G9-6336-01Z-00-DX1,7,1,0
TCGA-G9-6336-01Z-00-DX1,7,2,1
TCGA-G9-6336-01Z-00-DX1,7,3,1
TCGA-G9-6336-01Z-00-DX1,7,4,1
TCGA-G9-6336-01Z-00-DX1,7,5,3
TCGA-G9-6336-01Z-00-DX1,7,6,5
TCGA-G9-6336-01Z-00-DX1,7,7,5
TCGA-G9-6348-01Z-00-DX1,0,0,4
TCGA-G9-6348-01Z-00-DX1,0,1,2
TCGA-G9-6348-01Z-00-DX1,0,2,0
TCGA-G9-6348-01Z-00-DX1,0,3,1
TCGA-G9-6348-01Z-00-DX1,0,4,0
TCGA-G9-6348-01Z-00-DX1,0,5,2
TCGA-G9-6348-01Z-00-DX1,0,6,3
TCGA-G9-6348-01Z-00-DX1,0,7,2
TCGA-G9-6348-01Z-00-DX1,1,0,4
TCGA-G9-6348-01Z-00-DX1,1,1,3
TCGA-G9-6348-01Z-00-DX1,1,2,0
TCGA-G9-6348-01Z-00-DX1,1,3,2
TCGA-G9-6348-01Z-00-DX1,1,4,2
TCGA-G9-6348-01Z-00-DX1,1,5,3
TCGA-G9-6348-01Z-00-DX1,1,6,2
TCGA-G9-6348-01Z-00-DX1,1,7,2
TCGA-G9-6348-01Z-00-DX1,2,0,0
TCGA-G9-6348-01Z-00-DX1,2,1,1
TCGA-G9-6348-01Z-00-DX1,2,2,1
TCGA-G9-6348-01Z-00-DX1,2,3,0
TCGA-G9-6348-01Z-00-DX1,2,4,0
TCGA-G9-6348-01Z-00-DX1,2,5,3
TCGA-G9-6348-01Z-00-DX1,2,6,0
TCGA-G9-6348-01Z-00-DX1,2,7,0
TCGA-G9-6348-01Z-00-DX1,3,0,1
TCGA-G9-6348-01Z-00-DX1,3,1,1
TCGA-G9-6348-01Z-00-DX1,3,2,1
TCGA-G9-6348-01Z-00-DX1,3,3,3
TCGA-G9-6348-01Z-00-DX1,3,4,2
TCGA-G9-6348-01Z-00-DX1,3,5,0
TCGA-G9-6348-01Z-00-DX1,3,6,3
TCGA-G9-6348-01Z-00-DX1,3,7,1
TCGA-G9-6348-01Z-00-DX1,4,0,0
TCGA-G9-6348-01Z-00-DX1,4,1,0
TCGA-G9-6348-01Z-00-DX1,4,2,1
TCGA-G9-6348-01Z-00-DX1,4,3,1
TCGA-G9-6348-01Z-00-DX1,4,4,4
TCGA-G9-6348-01Z-00-DX1,4,5,0
TCGA-G9-6348-01Z-00-DX1,4,6,1
TCGA-G9-6348-01Z-00-DX1,4,7,2
TCGA-G9-6348-01Z-00-DX1,5,0,1
TCGA-G9-6348-01Z-00-DX1,5,1,0
TCGA-G9-6348-01Z-00-DX1,5,2,3
TCGA-G9-6348-01Z-00-DX1,5,3,1
TCGA-G9-6348-01Z-00-DX1,5,4,2
TCGA-G9-6348-01Z-00-DX1,5,5,1
TCGA-G9-6348-01Z-00-DX1,5,6,4
TCGA-G9-6348-01Z-00-DX1,5,7,8
TCGA-G9-6348-01Z-00-DX1,6,0,1
TCGA-G9-6348-01Z-00-DX1,6,1,1
TCGA-G9-6348-01Z-00-DX1,6,2,0
TCGA-G9-6348-01Z-00-DX1,6,3,4
TCGA-G9-6348-01Z-00-DX1,6,4,2
TCGA-G9-6348-01Z-00-DX1,6,5,3
TCGA-G9-6348-01Z-00-DX1,6,6,5
TCGA-G9-6348-01Z-00-DX1,6,7,2
TCGA-G9-6348-01Z-00-DX1,7,0,0
TCGA-G9-6348-01Z-00-DX1,7,1,3
TCGA-G9-6348-01Z-00-DX1,7,2,3
TCGA-G9-6348-01Z-00-DX1,7,3,1
TCGA-G9-6348-01Z-00-DX1,7,4,2
TCGA-G9-6348-01Z-00-DX1,7,5,4
TCGA-G9-6348-01Z-00-DX1,7,6,1
TCGA-G9-6348-01Z-00-DX1,7,7,1
TCGA-G9-6356-01Z-00-DX1,0,0,4
TCGA-G9-6356-01Z-00-DX1,0,1,2
TCGA-G9-6356-01Z-00-DX1,0,2,8
TCGA-G9-6356-01Z-00-DX1,0,3,3
TCGA-G9-6356-01Z-00-DX1,0,4,8
TCGA-G9-6356-01Z-00-DX1,0,5,7
TCGA-G9-6356-01Z-00-DX1,0,6,6
TCGA-G9-6356-01Z-00-DX1,0,7,7
TCGA-G9-6356-01Z-00-DX1,1,0,5
TCGA-G9-6356-01Z-00-DX1,1,1,2
TCGA-G9-6356-01Z-00-DX1,1,2,6
TCGA-G9-6356-01Z-00-DX1,1,3,3
TCGA-G9-6356-01Z-00-DX1,1,4,5
TCGA-G9-6356-01Z-00-DX1,1,5,3
TCGA-G9-6356-01Z-00-DX1,1,6,7
TCGA-G9-6356-01Z-00-DX1,1,7,7
TCGA-G9-6356-01Z-00-DX1,2,0,0
TCGA-G9-6356-01Z-00-DX1,2,1,4
TCGA-G9-6356-01Z-00-DX1,2,2,7
TCGA-G9-6356-01Z-00-DX1,2,3,4
TCGA-G9-6356-01Z-00-DX1,2,4,6
TCGA-G9-6356-01Z-00-DX1,2,5,6
TCGA-G9-6356-01Z-00-DX1,2,6,5
TCGA-G9-6356-01Z-00-DX1,2,7,4
TCGA-G9-6356-01Z-00-DX1,3,0,3
TCGA-G9-6356-01Z-00-DX1,3,1,4
TCGA-G9-6356-01Z-00-DX1,3,2,5
TCGA-G9-6356-01Z-00-DX1,3,3,5
TCGA-G9-6356-01Z-00-DX1,3,4,7
TCGA-G9-6356-01Z-00-DX1,3,5,10
TCGA-G9-6356-01Z-00-DX1,3,6,6
TCGA-G9-6356-01Z-00-DX1,3,7,6
TCGA-G9-6356-01Z-00-DX1,4,0,4
TCGA-G9-6356-01Z-00-DX1,4,1,7
TCGA-G9-6356-01Z-00-DX1,4,2,5
TCGA-G9-6356-01Z-00-DX1,4,3,6
TCGA-G9-6356-01Z-00-DX1,4,4,9
TCGA-G9-6356-01Z-00-DX1,4,5,4
TCGA-G9-6356-01Z-00-DX1,4,6,5
TCGA-G9-6356-01Z-00-DX1,4,7,4
TCGA-G9-6356-01Z-00-DX1,5,0,2
TCGA-G9-6356-01Z-00-DX1,5,1,1
TCGA-G9-6356-01Z-00-DX1,5,2,2
TCGA-G9-6356-01Z-00-DX1,5,3,3
TCGA-G9-6356-01Z-00-DX1,5,4,5
TCGA-G9-6356-01Z-00-DX1,5,5,2
TCGA-G9-6356-01Z-00-DX1,5,6,4
TCGA-G9-6356-01Z-00-DX1,5,7,4
TCGA-G9-6356-01Z-00-DX1,6,0,2
TCGA-G9-6356-01Z-00-DX1,6,1,5
TCGA-G9-6356-01Z-00-DX1,6,2,5
TCGA-G9-6356-01Z-00-DX1,6,3,4
TCGA-G9-6356-01Z-00-DX1,6,4,3
TCGA-G9-6356-01Z-00-DX1,6,5,5
TCGA-G9-6356-01Z-00-DX1,6,6,2
TCGA-G9-6356-01Z-00-DX1,6,7,2
TCGA-G9-6356-01Z-00-DX1,7,0,3
TCGA-G9-6356-01Z-00-DX1,7,1,2
TCGA-G9-6356-01Z-00-DX1,7,2,2
TCGA-G9-6356-01Z-00-DX1,7,3,5
TCGA-G9-6356-01Z-00-DX1,7,4,3
TCGA-G9-6356-01Z-00-DX1,7,5,2
TCGA-G9-6356-01Z-00-DX1,7,6,2
TCGA-G9-6356-01Z-00-DX1,7,7,3
TCGA-G9-6362-01Z-00-DX1,0,0,4
TCGA-G9-6362-01Z-00-DX1,0,1,4
TCGA-G9-6362-01Z-00-DX1,0,2,5
TCGA-G9-6362-01Z-00-DX1,0,3,3
TCGA-G9-6362-01Z-00-DX1,0,4,1
TCGA-G9-6362-01Z-00-DX1,0,5,4
TCGA-G9-6362-01Z-00-DX1,0,6,3
TCGA-G9-6362-01Z-00-DX1,0,7,2
TCGA-G9-6362-01Z-00-DX1,1,0,4
TCGA-G9-6362-01Z-00-DX1,1,1,3
TCGA-G9-6362-01Z-00-DX1,1,2,3
TCGA-G9-6362-01Z-00-DX1,1,3,2
TCGA-G9-6362-01Z-00-DX1,1,4,1
TCGA-G9-6362-01Z-00-DX1,1,5,6
TCGA-G9-6362-01Z-00-DX1,1,6,2
TCGA-G9-6362-01Z-00-DX1,1,7,4
TCGA-G9-6362-01Z-00-DX1,2,0,1
TCGA-G9-6362-01Z-00-DX1,2,1,2
TCGA-G9-6362-01Z-00-DX1,2,2,4
TCGA-G9-6362-01Z-00-DX1,2,3,5
TCGA-G9-6362-01Z-00-DX1,2,4,2
TCGA-G9-6362-01Z-00-DX1,2,5,6
TCGA-G9-6362-01Z-00-DX1,2,6,0
TCGA-G9-6362-01Z-00-DX1,2,7,5
TCGA-G9-6362-01Z-00-DX1,3,0,1
TCGA-G9-6362-01Z-00-DX1,3,1,1
TCGA-G9-6362-01Z-00-DX1,3,2,0
TCGA-G9-6362-01Z-00-DX1,3,3,2
TCGA-G9-6362-01Z-00-DX1,3,4,3
TCGA-G9-6362-01Z-00-DX1,3,5,4
TCGA-G9-6362-01Z-00-DX1,3,6,6
TCGA-G9-6362-01Z-00-DX1,3,7,2
TCGA-G9-6362-01Z-00-DX1,4,0,1
TCGA-G9-6362-01Z-00-DX1,4,1,5
TCGA-G9-6362-01Z-00-DX1,4,2,3
TCGA-G9-6362-01Z-00-DX1,4,3,1
TCGA-G9-6362-01Z-00-DX1,4,4,6
TCGA-G9-6362-01Z-00-DX1,4,5,0
TCGA-G9-6362-01Z-00-DX1,4,6,6
TCGA-G9-6362-01Z-00-DX1,4,7,4
TCGA-G9-6362-01Z-00-DX1,5,0,2
TCGA-G9-6362-01Z-00-DX1,5,1,2
TCGA-G9-6362-01Z-00-DX1,5,2,2
TCGA-G9-6362-01Z-00-DX1,5,3,3
TCGA-G9-6362-01Z-00-DX1,5,4,5
TCGA-G9-6362-01Z-00-DX1,5,5,1
TCGA-G9-6362-01Z-00-DX1,5,6,2
TCGA-G9-6362-01Z-00-DX1,5,7,5
TCGA-G9-6362-01Z-00-DX1,6,0,5
TCGA-G9-6362-01Z-00-DX1,6,1,1
TCGA-G9-6362-01Z-00-DX1,6,2,2
TCGA-G9-6362-01Z-00-DX1,6,3,3
TCGA-G9-6362-01Z-00-DX1,6,4,2
TCGA-G9-6362-01Z-00-DX1,6,5,3
TCGA-G9-6362-01Z-00-DX1,6,6,5
TCGA-G9-6362-01Z-00-DX1,6,7,1
TCGA-G9-6362-01Z-00-DX1,7,0,0
TCGA-G9-6362-01Z-00-DX1,7,1,6
TCGA-G9-6362-01Z-00-DX1,7,2,2
TCGA-G9-6362-01Z-00-DX1,7,3,3
TCGA-G9-6362-01Z-00-DX1,7,4,1
TCGA-G9-6362-01Z-00-DX1,7,5,1
TCGA-G9-6362-01Z-00-DX1,7,6,0
TCGA-G9-6362-01Z-00-DX1,7,7,1
TCGA-G9-6363-01Z-00-DX1,0,0,0
TCGA-G9-6363-01Z-00-DX1,0,1,0
TCGA-G9-6363-01Z-00-DX1,0,2,0
TCGA-G9-6363-01Z-00-DX1,0,3,0
TCGA-G9-6363-01Z-00-DX1,0,4,0
TCGA-G9-6363-01Z-00-DX1,0,5,0
TCGA-G9-6363-01Z-00-DX1,0,6,0
TCGA-G9-6363-01Z-00-DX1,0,7,1
TCGA-G9-6363-01Z-00-DX1,1,0,0
TCGA-G9-6363-01Z-00-DX1,1,1,0
TCGA-G9-6363-01Z-00-DX1,1,2,0
TCGA-G9-6363-01Z-00-DX1,1,3,0
TCGA-G9-6363-01Z-00-DX1,1,4,0
TCGA-G9-6363-01Z-00-DX1,1,5,0
TCGA-G9-6363-01Z-00-DX1,1,6,0
TCGA-G9-6363-01Z-00-DX1,1,7,0
TCGA-G9-6363-01Z-00-DX1,2,0,0
TCGA-G9-6363-01Z-00-DX1,2,1,0
TCGA-G9-6363-01Z-00-DX1,2,2,0
TCGA-G9-6363-01Z-00-DX1,2,3,0
TCGA-G9-6363-01Z-00-DX1,2,4,0
TCGA-G9-6363-01Z-00-DX1,2,5,0
TCGA-G9-6363-01Z-00-DX1,2,6,0
TCGA-G9-6363-01Z-00-DX1,2,7,0
TCGA-G9-6363-01Z-00-DX1,3,0,0
TCGA-G9-6363-01Z-00-DX1,3,1,0
TCGA-G9-6363-01Z-00-DX1,3,2,0
TCGA-G9-6363-01Z-00-DX1,3,3,0
TCGA-G9-6363-01Z-00-DX1,3,4,0
TCGA-G9-6363-01Z-00-DX1,3,5,0
TCGA-G9-6363-01Z-00-DX1,3,6,0
TCGA-G9-6363-01Z-00-DX1,3,7,0
TCGA-G9-6363-01Z-00-DX1,4,0,0
TCGA-G9-6363-01Z-00-DX1,4,1,0
TCGA-G9-6363-01Z-00-DX1,4,2,0
TCGA-G9-6363-01Z-00-DX1,4,3,0
TCGA-G9-6363-01Z-00-DX1,4,4,0
TCGA-G9-6363-01Z-00-DX1,4,5,0
TCGA-G9-6363-01Z-00-DX1,4,6,0
TCGA-G9-6363-01Z-00-DX1,4,7,0
TCGA-G9-6363-01Z-00-DX1,5,0,0
TCGA-G9-6363-01Z-00-DX1,5,1,0
TCGA-G9-6363-01Z-00-DX1,5,2,0
TCGA-G9-6363-01Z-00-DX1,5,3,0
TCGA-G9-6363-01Z-00-DX1,5,4,0
TCGA-G9-6363-01Z-00-DX1,5,5,0
TCGA-G9-6363-01Z-00-DX1,5,6,0
TCGA-G9-6363-01Z-00-DX1,5,7,0
TCGA-G9-6363-01Z-00-DX1,6,0,0
TCGA-G9-6363-01Z-00-DX1,6,1,0
TCGA-G9-6363-01Z-00-DX1,6,2,0
TCGA-G9-6363-01Z-00-DX1,6,3,0
TCGA-G9-6363-01Z-00-DX1,6,4,0
TCGA-G9-6363-01Z-00-DX1,6,5,0
TCGA-G9-6363-01Z-00-DX1,6,6,0
TCGA-G9-6363-01Z-00-DX1,6,7,0
TCGA-G9-6363-01Z-00-DX1,7,0,0
TCGA-G9-6363-01Z-00-DX1,7,1,0
TCGA-G9-6363-01Z-00-DX1,7,2,0
TCGA-G9-6363-01Z-00-DX1,7,3,0
TCGA-G9-6363-01Z-00-DX1,7,4,0
TCGA-G9-6363-01Z-00-DX1,7,5,0
TCGA-G9-6363-01Z-00-DX1,7,6,0
TCGA-G9-6363-01Z-00-DX1,7,7,0
TCGA-HE-7128-01Z-00-DX1,0,0,1
TCGA-HE-7128-01Z-00-DX1,0,1,1
TCGA-HE-7128-01Z-00-DX1,0,2,6
TCGA-HE-7128-01Z-00-DX1,0,3,2
TCGA-HE-7128-01Z-00-DX1,0,4,1
TCGA-HE-7128-01Z-00-DX1,0,5,1
TCGA-HE-7128-01Z-00-DX1,0,6,4
TCGA-HE-7128-01Z-00-DX1,0,7,3
TCGA-HE-7128-01Z-00-DX1,1,0,5
TCGA-HE-7128-01Z-00-DX1,1,1,2
TCGA-HE-7128-01Z-00-DX1,1,2,1
TCGA-HE-7128-01Z-00-DX1,1,3,3
TCGA-HE-7128-01Z-00-DX1,1,4,1
TCGA-HE-7128-01Z-00-DX1,1,5,2
TCGA-HE-7128-01Z-00-DX1,1,6,2
TCGA-HE-7128-01Z-00-DX1,1,7,1
TCGA-HE-7128-01Z-00-DX1,2,0,1
TCGA-HE-7128-01Z-00-DX1,2,1,1
TCGA-HE-7128-01Z-00-DX1,2,2,1
TCGA-HE-7128-01Z-00-DX1,2,3,1
TCGA-HE-7128-01Z-00-DX1,2,4,1
TCGA-HE-7128-01Z-00-DX1,2,5,2
TCGA-HE-7128-01Z-00-DX1,2,6,2
TCGA-HE-7128-01Z-00-DX1,2,7,7
TCGA-HE-7128-01Z-00-DX1,3,0,1
TCGA-HE-7128-01Z-00-DX1,3,1,6
TCGA-HE-7128-01Z-00-DX1,3,2,0
TCGA-HE-7128-01Z-00-DX1,3,3,0
TCGA-HE-7128-01Z-00-DX1,3,4,0
TCGA-HE-7128-01Z-00-DX1,3,5,2
TCGA-HE-7128-01Z-00-DX1,3,6,6
TCGA-HE-7128-01Z-00-DX1,3,7,5
TCGA-HE-7128-01Z-00-DX1,4,0,0
TCGA-HE-7128-01Z-00-DX1,4,1,3
TCGA-HE-7128-01Z-00-DX1,4,2,2
TCGA-HE-7128-01Z-00-DX1,4,3,1
TCGA-HE-7128-01Z-00-DX1,4,4,3
TCGA-HE-7128-01Z-00-DX1,4,5,0
TCGA-HE-7128-01Z-00-DX1,4,6,0
TCGA-HE-7128-01Z-00-DX1,4,7,3
TCGA-HE-7128-01Z-00-DX1,5,0,1
TCGA-HE-7128-01Z-00-DX1,5,1,1
TCGA-HE-7128-01Z-00-DX1,5,2,4
TCGA-HE-7128-01Z-00-DX1,5,3,1
TCGA-HE-7128-01Z-00-DX1,5,4,5
TCGA-HE-7128-01Z-00-DX1,5,5,2
TCGA-HE-7128-01Z-00-DX1,5,6,1
TCGA-HE-7128-01Z-00-DX1,5,7,1
TCGA-HE-7128-01Z-00-DX1,6,0,2
TCGA-HE-7128-01Z-00-DX1,6,1,1
TCGA-HE-7128-01Z-00-DX1,6,2,0
TCGA-HE-7128-01Z-00-DX1,6,3,0
TCGA-HE-7128-01Z-00-DX1,6,4,2
TCGA-HE-7128-01Z-00-DX1,6,5,2
TCGA-HE-7128-01Z-00-DX1,6,6,1
TCGA-HE-7128-01Z-00-DX1,6,7,3
TCGA-HE-7128-01Z-00-DX1,7,0,0
TCGA-HE-7128-01Z-00-DX1,7,1,1
TCGA-HE-7128-01Z-00-DX1,7,2,0
TCGA-HE-7128-01Z-00-DX1,7,3,2
TCGA-HE-7128-01Z-00-DX1,7,4,3
TCGA-HE-7128-01Z-00-DX1,7,5,1
TCGA-HE-7128-01Z-00-DX1,7,6,1
TCGA-HE-7128-01Z-00-DX1,7,7,2
TCGA-HE-7129-01Z-00-DX1,0,0,4
TCGA-HE-7129-01Z-00-DX1,0,1,3
TCGA-HE-7129-01Z-00-DX1,0,2,8
TCGA-HE-7129-01Z-00-DX1,0,3,5
TCGA-HE-7129-01Z-00-DX1,0,4,11
TCGA-HE-7129-01Z-00-DX1,0,5,9
TCGA-HE-7129-01Z-00-DX1,0,6,6
TCGA-HE-7129-01Z-00-DX1,0,7,5
TCGA-HE-7129-01Z-00-DX1,1,0,8
TCGA-HE-7129-01Z-00-DX1,1,1,11
TCGA-HE-7129-01Z-00-DX1,1,2,7
TCGA-HE-7129-01Z-00-DX1,1,3,11
TCGA-HE-7129-01Z-00-DX1,1,4,4
TCGA-HE-7129-01Z-00-DX1,1,5,11
TCGA-HE-7129-01Z-00-DX1,1,6,3
TCGA-HE-7129-01Z-00-DX1,1,7,8
TCGA-HE-7129-01Z-00-DX1,2,0,5
TCGA-HE-7129-01Z-00-DX1,2,1,7
TCGA-HE-7129-01Z-00-DX1,2,2,8
TCGA-HE-7129-01Z-00-DX1,2,3,9
TCGA-HE-7129-01Z-00-DX1,2,4,5
TCGA-HE-7129-01Z-00-DX1,2,5,10
TCGA-HE-7129-01Z-00-DX1,2,6,6
TCGA-HE-7129-01Z-00-DX1,2,7,7
TCGA-HE-7129-01Z-00-DX1,3,0,14
TCGA-HE-7129-01Z-00-DX1,3,1,8
TCGA-HE-7129-01Z-00-DX1,3,2,11
TCGA-HE-7129-01Z-00-DX1,3,3,8
TCGA-HE-7129-01Z-00-DX1,3,4,10
TCGA-HE-7129-01Z-00-DX1,3,5,7
TCGA-HE-7129-01Z-00-DX1,3,6,7
TCGA-HE-7129-01Z-00-DX1,3,7,5
TCGA-HE-7129-01Z-00-DX1,4,0,6
TCGA-HE-7129-01Z-00-DX1,4,1,8
TCGA-HE-7129-01Z-00-DX1,4,2,11
TCGA-HE-7129-01Z-00-DX1,4,3,9
TCGA-HE-7129-01Z-00-DX1,4,4,6
TCGA-HE-7129-01Z-00-DX1,4,5,11
TCGA-HE-7129-01Z-00-DX1,4,6,7
TCGA-HE-7129-01Z-00-DX1,4,7,8
TCGA-HE-7129-01Z-00-DX1,5,0,8
TCGA-HE-7129-01Z-00-DX1,5,1,9
TCGA-HE-7129-01Z-00-DX1,5,2,10
TCGA-HE-7129-01Z-00-DX1,5,3,9
TCGA-HE-7129-01Z-00-DX1,5,4,7
TCGA-HE-7129-01Z-00-DX1,5,5,9
TCGA-HE-7129-01Z-00-DX1,5,6,5
TCGA-HE-7129-01Z-00-DX1,5,7,13
TCGA-HE-7129-01Z-00-DX1,6,0,7
TCGA-HE-7129-01Z-00-DX1,6,1,6
TCGA-HE-7129-01Z-00-DX1,6,2,9
TCGA-HE-7129-01Z-00-DX1,6,3,9
TCGA-HE-7129-01Z-00-DX1,6,4,9
TCGA-HE-7129-01Z-00-DX1,6,5,9
TCGA-HE-7129-01Z-00-DX1,6,6,6
TCGA-HE-7129-01Z-00-DX1,6,7,9
TCGA-HE-7129-01Z-00-DX1,7,0,6
TCGA-HE-7129-01Z-00-DX1,7,1,9
TCGA-HE-7129-01Z-00-DX1,7,2,7
TCGA-HE-7129-01Z-00-DX1,7,3,9
TCGA-HE-7129-01Z-00-DX1,7,4,5
TCGA-HE-7129-01Z-00-DX1,7,5,7
TCGA-HE-7129-01Z-00-DX1,7,6,5
TCGA-HE-7129-01Z-00-DX1,7,7,13
TCGA-HE-7130-01Z-00-DX1,0,0,12
TCGA-HE-7130-01Z-00-DX1,0,1,8
TCGA-HE-7130-01Z-00-DX1,0,2,7
TCGA-HE-7130-01Z-00-DX1,0,3,11
TCGA-HE-7130-01Z-00-DX1,0,4,10
TCGA-HE-7130-01Z-00-DX1,0,5,9
TCGA-HE-7130-01Z-00-DX1,0,6,11
TCGA-HE-7130-01Z-00-DX1,0,7,9
TCGA-HE-7130-01Z-00-DX1,1,0,10
TCGA-HE-7130-01Z-00-DX1,1,1,10
TCGA-HE-7130-01Z-00-DX1,1,2,10
TCGA-HE-7130-01Z-00-DX1,1,3,10
TCGA-HE-7130-01Z-00-DX1,1,4,10
TCGA-HE-7130-01Z-00-DX1,1,5,10
TCGA-HE-7130-01Z-00-DX1,1,6,13
TCGA-HE-7130-01Z-00-DX1,1,7,10
TCGA-HE-7130-01Z-00-DX1,2,0,9
TCGA-HE-7130-01Z-00-DX1,2,1,15
TCGA-HE-7130-01Z-00-DX1,2,2,12
TCGA-HE-7130-01Z-00-DX1,2,3,7
TCGA-HE-7130-01Z-00-DX1,2,4,8
TCGA-HE-7130-01Z-00-DX1,2,5,8
TCGA-HE-7130-01Z-00-DX1,2,6,7
TCGA-HE-7130-01Z-00-DX1,2,7,11
TCGA-HE-7130-01Z-00-DX1,3,0,13
TCGA-HE-7130-01Z-00-DX1,3,1,11
TCGA-HE-7130-01Z-00-DX1,3,2,7
TCGA-HE-7130-01Z-00-DX1,3,3,6
TCGA-HE-7130-01Z-00-DX1,3,4,10
TCGA-HE-7130-01Z-00-DX1,3,5,9
TCGA-HE-7130-01Z-00-DX1,3,6,4
TCGA-HE-7130-01Z-00-DX1,3,7,10
TCGA-HE-7130-01Z-00-DX1,4,0,13
TCGA-HE-7130-01Z-00-DX1,4,1,11
TCGA-HE-7130-01Z-00-DX1,4,2,5
TCGA-HE-7130-01Z-00-DX1,4,3,6
TCGA-HE-7130-01Z-00-DX1,4,4,5
TCGA-HE-7130-01Z-00-DX1,4,5,7
TCGA-HE-7130-01Z-00-DX1,4,6,8
TCGA-HE-7130-01Z-00-DX1,4,7,5
TCGA-HE-7130-01Z-00-DX1,5,0,14
TCGA-HE-7130-01Z-00-DX1,5,1,10
TCGA-HE-7130-01Z-00-DX1,5,2,12
TCGA-HE-7130-01Z-00-DX1,5,3,11
TCGA-HE-7130-01Z-00-DX1,5,4,6
TCGA-HE-7130-01Z-00-DX1,5,5,10
TCGA-HE-7130-01Z-00-DX1,5,6,10
TCGA-HE-7130-01Z-00-DX1,5,7,7
TCGA-HE-7130-01Z-00-DX1,6,0,13
TCGA-HE-7130-01Z-00-DX1,6,1,12
TCGA-HE-7130-01Z-00-DX1,6,2,8
TCGA-HE-7130-01Z-00-DX1,6,3,7
TCGA-HE-7130-01Z-00-DX1,6,4,8
TCGA-HE-7130-01Z-00-DX1,6,5,12
TCGA-HE-7130-01Z-00-DX1,6,6,8
TCGA-HE-7130-01Z-00-DX1,6,7,14
TCGA-HE-7130-01Z-00-DX1,7,0,10
TCGA-HE-7130-01Z-00-DX1,7,1,12
TCGA-HE-7130-01Z-00-DX1,7,2,9
TCGA-HE-7130-01Z-00-DX1,7,3,7
TCGA-HE-7130-01Z-00-DX1,7,4,11
TCGA-HE-7130-01Z-00-DX1,7,5,9
TCGA-HE-7130-01Z-00-DX1,7,6,12
TCGA-HE-7130-01Z-00-DX1,7,7,8
TCGA-KB-A93J-01A-01-TS1,0,0,11
TCGA-KB-A93J-01A-01-TS1,0,1,12
TCGA-KB-A93J-01A-01-TS1,0,2,13
TCGA-KB-A93J-01A-01-TS1,0,3,12
TCGA-KB-A93J-01A-01-TS1,0,4,14
TCGA-KB-A93J-01A-01-TS1,0,5,14
TCGA-KB-A93J-01A-01-TS1,0,6,12
TCGA-KB-A93J-01A-01-TS1,0,7,10
TCGA-KB-A93J-01A-01-TS1,1,0,13
TCGA-KB-A93J-01A-01-TS1,1,1,14
TCGA-KB-A93J-01A-01-TS1,1,2,14
TCGA-KB-A93J-01A-01-TS1,1,3,12
TCGA-KB-A93J-01A-01-TS1,1,4,9
TCGA-KB-A93J-01A-01-TS1,1,5,10
TCGA-KB-A93J-01A-01-TS1,1,6,11
TCGA-KB-A93J-01A-01-TS1,1,7,12
TCGA-KB-A93J-01A-01-TS1,2,0,13
TCGA-KB-A93J-01A-01-TS1,2,1,12
TCGA-KB-A93J-01A-01-TS1,2,2,14
TCGA-KB-A93J-01A-01-TS1,2,3,12
TCGA-KB-A93J-01A-01-TS1,2,4,14
TCGA-KB-A93J-01A-01-TS1,2,5,13
TCGA-KB-A93J-01A-01-TS1,2,6,7
TCGA-KB-A93J-01A-01-TS1,2,7,11
TCGA-KB-A93J-01A-01-TS1,3,0,11
TCGA-KB-A93J-01A-01-TS1,3,1,10
TCGA-KB-A93J-01A-01-TS1,3,2,10
TCGA-KB-A93J-01A-01-TS1,3,3,12
TCGA-KB-A93J-01A-01-TS1,3,4,9
TCGA-KB-A93J-01A-01-TS1,3,5,11
TCGA-KB-A93J-01A-01-TS1,3,6,12
TCGA-KB-A93J-01A-01-TS1,3,7,14
TCGA-KB-A93J-01A-01-TS1,4,0,11
TCGA-KB-A93J-01A-01-TS1,4,1,12
TCGA-KB-A93J-01A-01-TS1,4,2,9
TCGA-KB-A93J-01A-01-TS1,4,3,12
TCGA-KB-A93J-01A-01-TS1,4,4,10
TCGA-KB-A93J-01A-01-TS1,4,5,13
TCGA-KB-A93J-01A-01-TS1,4,6,14
TCGA-KB-A93J-01A-01-TS1,4,7,16
TCGA-KB-A93J-01A-01-TS1,5,0,11
TCGA-KB-A93J-01A-01-TS1,5,1,14
TCGA-KB-A93J-01A-01-TS1,5,2,11
TCGA-KB-A93J-01A-01-TS1,5,3,10
TCGA-KB-A93J-01A-01-TS1,5,4,13
TCGA-KB-A93J-01A-01-TS1,5,5,12
TCGA-KB-A93J-01A-01-TS1,5,6,15
TCGA-KB-A93J-01A-01-TS1,5,7,7
TCGA-KB-A93J-01A-01-TS1,6,0,9
TCGA-KB-A93J-01A-01-TS1,6,1,11
TCGA-KB-A93J-01A-01-TS1,6,2,11
TCGA-KB-A93J-01A-01-TS1,6,3,6
TCGA-KB-A93J-01A-01-TS1,6,4,12
TCGA-KB-A93J-01A-01-TS1,6,5,10
TCGA-KB-A93J-01A-01-TS1,6,6,15
TCGA-KB-A93J-01A-01-TS1,6,7,12
TCGA-KB-A93J-01A-01-TS1,7,0,14
TCGA-KB-A93J-01A-01-TS1,7,1,12
TCGA-KB-A93J-01A-01-TS1,7,2,12
TCGA-KB-A93J-01A-01-TS1,7,3,11
TCGA-KB-A93J-01A-01-TS1,7,4,11
TCGA-KB-A93J-01A-01-TS1,7,5,9
TCGA-KB-A93J-01A-01-TS1,7,6,8
TCGA-KB-A93J-01A-01-TS1,7,7,13
TCGA-MH-A561-01Z-00-DX1,0,0,8
TCGA-MH-A561-01Z-00-DX1,0,1,7
TCGA-MH-A561-01Z-00-DX1,0,2,13
TCGA-MH-A561-01Z-00-DX1,0,3,5
TCGA-MH-A561-01Z-00-DX1,0,4,9
TCGA-MH-A561-01Z-00-DX1,0,5,7
TCGA-MH-A561-01Z-00-DX1,0,6,8
TCGA-MH-A561-01Z-00-DX1,0,7,9
TCGA-MH-A561-01Z-00-DX1,1,0,11
TCGA-MH-A561-01Z-00-DX1,1,1,8
TCGA-MH-A561-01Z-00-DX1,1,2,11
TCGA-MH-A561-01Z-00-DX1,1,3,7
TCGA-MH-A561-01Z-00-DX1,1,4,8
TCGA-MH-A561-01Z-00-DX1,1,5,10
TCGA-MH-A561-01Z-00-DX1,1,6,9
TCGA-MH-A561-01Z-00-DX1,1,7,9
TCGA-MH-A561-01Z-00-DX1,2,0,7
TCGA-MH-A561-01Z-00-DX1,2,1,9
TCGA-MH-A561-01Z-00-DX1,2,2,8
TCGA-MH-A561-01Z-00-DX1,2,3,8
TCGA-MH-A561-01Z-00-DX1,2,4,8
TCGA-MH-A561-01Z-00-DX1,2,5,10
TCGA-MH-A561-01Z-00-DX1,2,6,9
TCGA-MH-A561-01Z-00-DX1,2,7,8
TCGA-MH-A561-01Z-00-DX1,3,0,8
TCGA-MH-A561-01Z-00-DX1,3,1,8
TCGA-MH-A561-01Z-00-DX1,3,2,11
TCGA-MH-A561-01Z-00-DX1,3,3,8
TCGA-MH-A561-01Z-00-DX1,3,4,6
TCGA-MH-A561-01Z-00-DX1,3,5,11
TCGA-MH-A561-01Z-00-DX1,3,6,9
TCGA-MH-A561-01Z-00-DX1,3,7,6
TCGA-MH-A561-01Z-00-DX1,4,0,8
TCGA-MH-A561-01Z-00-DX1,4,1,8
TCGA-MH-A561-01Z-00-DX1,4,2,9
TCGA-MH-A561-01Z-00-DX1,4,3,6
TCGA-MH-A561-01Z-00-DX1,4,4,8
TCGA-MH-A561-01Z-00-DX1,4,5,9
TCGA-MH-A561-01Z-00-DX1,4,6,10
TCGA-MH-A561-01Z-00-DX1,4,7,12
TCGA-MH-A561-01Z-00-DX1,5,0,12
TCGA-MH-A561-01Z-00-DX1,5,1,5
TCGA-MH-A561-01Z-00-DX1,5,2,7
TCGA-MH-A561-01Z-00-DX1,5,3,10
TCGA-MH-A561-01Z-00-DX1,5,4,7
TCGA-MH-A561-01Z-00-DX1,5,5,12
TCGA-MH-A561-01Z-00-DX1,5,6,5
TCGA-MH-A561-01Z-00-DX1,5,7,9
TCGA-MH-A561-01Z-00-DX1,6,0,8
TCGA-MH-A561-01Z-00-DX1,6,1,7
TCGA-MH-A561-01Z-00-DX1,6,2,10
TCGA-MH-A561-01Z-00-DX1,6,3,7
TCGA-MH-A561-01Z-00-DX1,6,4,7
TCGA-MH-A561-01Z-00-DX1,6,5,6
TCGA-MH-A561-01Z-00-DX1,6,6,6
TCGA-MH-A561-01Z-00-DX1,6,7,8
TCGA-MH-A561-01Z-00-DX1,7,0,6
TCGA-MH-A561-01Z-00-DX1,7,1,8
TCGA-MH-A561-01Z-00-DX1,7,2,9
TCGA-MH-A561-01Z-00-DX1,7,3,12
TCGA-MH-A561-01Z-00-DX1,7,4,9
TCGA-MH-A561-01Z-00-DX1,7,5,10
TCGA-MH-A561-01Z-00-DX1,7,6,10
TCGA-MH-A561-01Z-00-DX1,7,7,13
TCGA-NH-A8F7-01A-01-TS1,0,0,8
TCGA-NH-A8F7-01A-01-TS1,0,1,5
TCGA-NH-A8F7-01A-01-TS1,0,2,3
TCGA-NH-A8F7-01A-01-TS1,0,3,5
TCGA-NH-A8F7-01A-01-TS1,0,4,3
TCGA-NH-A8F7-01A-01-TS1,0,5,6
TCGA-NH-A8F7-01A-01-TS1,0,6,5
TCGA-NH-A8F7-01A-01-TS1,0,7,6
TCGA-NH-A8F7-01A-01-TS1,1,0,5
TCGA-NH-A8F7-01A-01-TS1,1,1,7
TCGA-NH-A8F7-01A-01-TS1,1,2,5
TCGA-NH-A8F7-01A-01-TS1,1,3,4
TCGA-NH-A8F7-01A-01-TS1,1,4,6
TCGA-NH-A8F7-01A-01-TS1,1,5,5
TCGA-NH-A8F7-01A-01-TS1,1,6,2
TCGA-NH-A8F7-01A-01-TS1,1,7,6
TCGA-NH-A8F7-01A-01-TS1,2,0,5
TCGA-NH-A8F7-01A-01-TS1,2,1,5
TCGA-NH-A8F7-01A-01-TS1,2,2,4
TCGA-NH-A8F7-01A-01-TS1,2,3,3
TCGA-NH-A8F7-01A-01-TS1,2,4,5
TCGA-NH-A8F7-01A-01-TS1,2,5,6
TCGA-NH-A8F7-01A-01-TS1,2,6,4
TCGA-NH-A8F7-01A-01-TS1,2,7,8
TCGA-NH-A8F7-01A-01-TS1,3,0,3
TCGA-NH-A8F7-01A-01-TS1,3,1,7
TCGA-NH-A8F7-01A-01-TS1,3,2,7
TCGA-NH-A8F7-01A-01-TS1,3,3,3
TCGA-NH-A8F7-01A-01-TS1,3,4,7
TCGA-NH-A8F7-01A-01-TS1,3,5,5
TCGA-NH-A8F7-01A-01-TS1,3,6,6
TCGA-NH-A8F7-01A-01-TS1,3,7,9
TCGA-NH-A8F7-01A-01-TS1,4,0,4
TCGA-NH-A8F7-01A-01-TS1,4,1,7
TCGA-NH-A8F7-01A-01-TS1,4,2,5
TCGA-NH-A8F7-01A-01-TS1,4,3,1
TCGA-NH-A8F7-01A-01-TS1,4,4,8
TCGA-NH-A8F7-01A-01-TS1,4,5,1
TCGA-NH-A8F7-01A-01-TS1,4,6,4
TCGA-NH-A8F7-01A-01-TS1,4,7,7
TCGA-NH-A8F7-01A-01-TS1,5,0,3
TCGA-NH-A8F7-01A-01-TS1,5,1,7
TCGA-NH-A8F7-01A-01-TS1,5,2,5
TCGA-NH-A8F7-01A-01-TS1,5,3,7
TCGA-NH-A8F7-01A-01-TS1,5,4,2
TCGA-NH-A8F7-01A-01-TS1,5,5,3
TCGA-NH-A8F7-01A-01-TS1,5,6,1
TCGA-NH-A8F7-01A-01-TS1,5,7,7
TCGA-NH-A8F7-01A-01-TS1,6,0,5
TCGA-NH-A8F7-01A-01-TS1,6,1,6
TCGA-NH-A8F7-01A-01-TS1,6,2,6
TCGA-NH-A8F7-01A-01-TS1,6,3,4
TCGA-NH-A8F7-01A-01-TS1,6,4,4
TCGA-NH-A8F7-01A-01-TS1,6,5,8
TCGA-NH-A8F7-01A-01-TS1,6,6,4
TCGA-NH-A8F7-01A-01-TS1,6,7,4
TCGA-NH-A8F7-01A-01-TS1,7,0,7
TCGA-NH-A8F7-01A-01-TS1,7,1,3
TCGA-NH-A8F7-01A-01-TS1,7,2,4
TCGA-NH-A8F7-01A-01-TS1,7,3,2
TCGA-NH-A8F7-01A-01-TS1,7,4,4
TCGA-NH-A8F7-01A-01-TS1,7,5,4
TCGA-NH-A8F7-01A-01-TS1,7,6,1
TCGA-NH-A8F7-01A-01-TS1,7,7,5
TCGA-RD-A8N9-01A-01-TS1,0,0,8
TCGA-RD-A8N9-01A-01-TS1,0,1,4
TCGA-RD-A8N9-01A-01-TS1,0,2,9
TCGA-RD-A8N9-01A-01-TS1,0,3,8
TCGA-RD-A8N9-01A-01-TS1,0,4,6
TCGA-RD-A8N9-01A-01-TS1,0,5,12
TCGA-RD-A8N9-01A-01-TS1,0,6,15
TCGA-RD-A8N9-01A-01-TS1,0,7,16
TCGA-RD-A8N9-01A-01-TS1,1,0,6
TCGA-RD-A8N9-01A-01-TS1,1,1,6
TCGA-RD-A8N9-01A-01-TS1,1,2,6
TCGA-RD-A8N9-01A-01-TS1,1,3,6
TCGA-RD-A8N9-01A-01-TS1,1,4,11
TCGA-RD-A8N9-01A-01-TS1,1,5,15
TCGA-RD-A8N9-01A-01-TS1,1,6,13
TCGA-RD-A8N9-01A-01-TS1,1,7,10
TCGA-RD-A8N9-01A-01-TS1,2,0,7
TCGA-RD-A8N9-01A-01-TS1,2,1,6
TCGA-RD-A8N9-01A-01-TS1,2,2,12
TCGA-RD-A8N9-01A-01-TS1,2,3,13
TCGA-RD-A8N9-01A-01-TS1,2,4,14
TCGA-RD-A8N9-01A-01-TS1,2,5,13
TCGA-RD-A8N9-01A-01-TS1,2,6,11
TCGA-RD-A8N9-01A-01-TS1,2,7,15
TCGA-RD-A8N9-01A-01-TS1,3,0,8
TCGA-RD-A8N9-01A-01-TS1,3,1,9
TCGA-RD-A8N9-01A-01-TS1,3,2,11
TCGA-RD-A8N9-01A-01-TS1,3,3,9
TCGA-RD-A8N9-01A-01-TS1,3,4,13
TCGA-RD-A8N9-01A-01-TS1,3,5,16
TCGA-RD-A8N9-01A-01-TS1,3,6,9
TCGA-RD-A8N9-01A-01-TS1,3,7,14
TCGA-RD-A8N9-01A-01-TS1,4,0,13
TCGA-RD-A8N9-01A-01-TS1,4,1,10
TCGA-RD-A8N9-01A-01-TS1,4,2,11
TCGA-RD-A8N9-01A-01-TS1,4,3,14
TCGA-RD-A8N9-01A-01-TS1,4,4,14
TCGA-RD-A8N9-01A-01-TS1,4,5,12
TCGA-RD-A8N9-01A-01-TS1,4,6,14
TCGA-RD-A8N9-01A-01-TS1,4,7,16
TCGA-RD-A8N9-01A-01-TS1,5,0,11
TCGA-RD-A8N9-01A-01-TS1,5,1,15
TCGA-RD-A8N9-01A-01-TS1,5,2,12
TCGA-RD-A8N9-01A-01-TS1,5,3,12
TCGA-RD-A8N9-01A-01-TS1,5,4,13
TCGA-RD-A8N9-01A-01-TS1,5,5,10
TCGA-RD-A8N9-01A-01-TS1,5,6,15
TCGA-RD-A8N9-01A-01-TS1,5,7,12
TCGA-RD-A8N9-01A-01-TS1,6,0,9
TCGA-RD-A8N9-01A-01-TS1,6,1,11
TCGA-RD-A8N9-01A-01-TS1,6,2,11
TCGA-RD-A8N9-01A-01-TS1,6,3,12
TCGA-RD-A8N9-01A-01-TS1,6,4,10
TCGA-RD-A8N9-01A-01-TS1,6,5,13
TCGA-RD-A8N9-01A-01-TS1,6,6,10
TCGA-RD-A8N9-01A-01-TS1,6,7,11
TCGA-RD-A8N9-01A-01-TS1,7,0,9
TCGA-RD-A8N9-01A-01-TS1,7,1,10
TCGA-RD-A8N9-01A-01-TS1,7,2,8
TCGA-RD-A8N9-01A-01-TS1,7,3,9
TCGA-RD-A8N9-01A-01-TS1,7,4,10
TCGA-RD-A8N9-01A-01-TS1,7,5,9
TCGA-RD-A8N9-01A-01-TS1,7,6,9
TCGA-RD-A8N9-01A-01-TS1,7,7,12
TCGA-UZ-A9PJ-01Z-00-DX1,0,0,13
TCGA-UZ-A9PJ-01Z-00-DX1,0,1,12
TCGA-UZ-A9PJ-01Z-00-DX1,0,2,13
TCGA-UZ-A9PJ-01Z-00-DX1,0,3,10
TCGA-UZ-A9PJ-01Z-00-DX1,0,4,12
TCGA-UZ-A9PJ-01Z-00-DX1,0,5,9
TCGA-UZ-A9PJ-01Z-00-DX1,0,6,13
TCGA-UZ-A9PJ-01Z-00-DX1,0,7,14
TCGA-UZ-A9PJ-01Z-00-DX1,1,0,11
TCGA-UZ-A9PJ-01Z-00-DX1,1,1,11
TCGA-UZ-A9PJ-01Z-00-DX1,1,2,12
TCGA-UZ-A9PJ-01Z-00-DX1,1,3,15
TCGA-UZ-A9PJ-01Z-00-DX1,1,4,8
TCGA-UZ-A9PJ-01Z-00-DX1,1,5,11
TCGA-UZ-A9PJ-01Z-00-DX1,1,6,12
TCGA-UZ-A9PJ-01Z-00-DX1,1,7,12
TCGA-UZ-A9PJ-01Z-00-DX1,2,0,12
TCGA-UZ-A9PJ-01Z-00-DX1,2,1,9
TCGA-UZ-A9PJ-01Z-00-DX1,2,2,10
TCGA-UZ-A9PJ-01Z-00-DX1,2,3,11
TCGA-UZ-A9PJ-01Z-00-DX1,2,4,12
TCGA-UZ-A9PJ-01Z-00-DX1,2,5,9
TCGA-UZ-A9PJ-01Z-00-DX1,2,6,12
TCGA-UZ-A9PJ-01Z-00-DX1,2,7,10
TCGA-UZ-A9PJ-01Z-00-DX1,3,0,10
TCGA-UZ-A9PJ-01Z-00-DX1,3,1,9
TCGA-UZ-A9PJ-01Z-00-DX1,3,2,14
TCGA-UZ-A9PJ-01Z-00-DX1,3,3,13
TCGA-UZ-A9PJ-01Z-00-DX1,3,4,8
TCGA-UZ-A9PJ-01Z-00-DX1,3,5,11
TCGA-UZ-A9PJ-01Z-00-DX1,3,6,11
TCGA-UZ-A9PJ-01Z-00-DX1,3,7,14
TCGA-UZ-A9PJ-01Z-00-DX1,4,0,9
TCGA-UZ-A9PJ-01Z-00-DX1,4,1,12
TCGA-UZ-A9PJ-01Z-00-DX1,4,2,12
TCGA-UZ-A9PJ-01Z-00-DX1,4,3,10
TCGA-UZ-A9PJ-01Z-00-DX1,4,4,13
TCGA-UZ-A9PJ-01Z-00-DX1,4,5,12
TCGA-UZ-A9PJ-01Z-00-DX1,4,6,12
TCGA-UZ-A9PJ-01Z-00-DX1,4,7,12
TCGA-UZ-A9PJ-01Z-00-DX1,5,0,12
TCGA-UZ-A9PJ-01Z-00-DX1,5,1,11
TCGA-UZ-A9PJ-01Z-00-DX1,5,2,15
TCGA-UZ-A9PJ-01Z-00-DX1,5,3,16
TCGA-UZ-A9PJ-01Z-00-DX1,5,4,14
TCGA-UZ-A9PJ-01Z-00-DX1,5,5,10
TCGA-UZ-A9PJ-01Z-00-DX1,5,6,13
TCGA-UZ-A9PJ-01Z-00-DX1,5,7,15
TCGA-UZ-A9PJ-01Z-00-DX1,6,0,11
TCGA-UZ-A9PJ-01Z-00-DX1,6,1,15
TCGA-UZ-A9PJ-01Z-00-DX1,6,2,12
TCGA-UZ-A9PJ-01Z-00-DX1,6,3,12
TCGA-UZ-A9PJ-01Z-00-DX1,6,4,8
TCGA-UZ-A9PJ-01Z-00-DX1,6,5,9
TCGA-UZ-A9PJ-01Z-00-DX1,6,6,9
TCGA-UZ-A9PJ-01Z-00-DX1,6,7,9
TCGA-UZ-A9PJ-01Z-00-DX1,7,0,11
TCGA-UZ-A9PJ-01Z-00-DX1,7,1,9
TCGA-UZ-A9PJ-01Z-00-DX1,7,2,10
TCGA-UZ-A9PJ-01Z-00-DX1,7,3,9
TCGA-UZ-A9PJ-01Z-00-DX1,7,4,12
TCGA-UZ-A9PJ-01Z-00-DX1,7,5,9
TCGA-UZ-A9PJ-01Z-00-DX1,7,6,7
TCGA-UZ-A9PJ-01Z-00-DX1,7,7,11
TCGA-UZ-A9PN-01Z-00-DX1,0,0,8
TCGA-UZ-A9PN-01Z-00-DX1,0,1,11
TCGA-UZ-A9PN-01Z-00-DX1,0,2,18
TCGA-UZ-A9PN-01Z-00-DX1,0,3,16
TCGA-UZ-A9PN-01Z-00-DX1,0,4,12
TCGA-UZ-A9PN-01Z-00-DX1,0,5,7
TCGA-UZ-A9PN-01Z-00-DX1,0,6,7
TCGA-UZ-A9PN-01Z-00-DX1,0,7,5
TCGA-UZ-A9PN-01Z-00-DX1,1,0,12
TCGA-UZ-A9PN-01Z-00-DX1,1,1,20
TCGA-UZ-A9PN-01Z-00-DX1,1,2,14
TCGA-UZ-A9PN-01Z-00-DX1,1,3,14
TCGA-UZ-A9PN-01Z-00-DX1,1,4,11
TCGA-UZ-A9PN-01Z-00-DX1,1,5,11
TCGA-UZ-A9PN-01Z-00-DX1,1,6,9
TCGA-UZ-A9PN-01Z-00-DX1,1,7,10
TCGA-UZ-A9PN-01Z-00-DX1,2,0,12
TCGA-UZ-A9PN-01Z-00-DX1,2,1,21
TCGA-UZ-A9PN-01Z-00-DX1,2,2,14
TCGA-UZ-A9PN-01Z-00-DX1,2,3,14
TCGA-UZ-A9PN-01Z-00-DX1,2,4,13
TCGA-UZ-A9PN-01Z-00-DX1,2,5,11
TCGA-UZ-A9PN-01Z-00-DX1,2,6,5
TCGA-UZ-A9PN-01Z-00-DX1,2,7,7
TCGA-UZ-A9PN-01Z-00-DX1,3,0,13
TCGA-UZ-A9PN-01Z-00-DX1,3,1,11
TCGA-UZ-A9PN-01Z-00-DX1,3,2,10
TCGA-UZ-A9PN-01Z-00-DX1,3,3,14
TCGA-UZ-A9PN-01Z-00-DX1,3,4,20
TCGA-UZ-A9PN-01Z-00-DX1,3,5,12
TCGA-UZ-A9PN-01Z-00-DX1,3,6,9
TCGA-UZ-A9PN-01Z-00-DX1,3,7,14
TCGA-UZ-A9PN-01Z-00-DX1,4,0,14
TCGA-UZ-A9PN-01Z-00-DX1,4,1,17
TCGA-UZ-A9PN-01Z-00-DX1,4,2,15
TCGA-UZ-A9PN-01Z-00-DX1,4,3,13
TCGA-UZ-A9PN-01Z-00-DX1,4,4,7
TCGA-UZ-A9PN-01Z-00-DX1,4,5,12
TCGA-UZ-A9PN-01Z-00-DX1,4,6,8
TCGA-UZ-A9PN-01Z-00-DX1,4,7,9
TCGA-UZ-A9PN-01Z-00-DX1,5,0,13
TCGA-UZ-A9PN-01Z-00-DX1,5,1,15
TCGA-UZ-A9PN-01Z-00-DX1,5,2,12
TCGA-UZ-A9PN-01Z-00-DX1,5,3,9
TCGA-UZ-A9PN-01Z-00-DX1,5,4,12
TCGA-UZ-A9PN-01Z-00-DX1,5,5,8
TCGA-UZ-A9PN-01Z-00-DX1,5,6,7
TCGA-UZ-A9PN-01Z-00-DX1,5,7,9
TCGA-UZ-A9PN-01Z-00-DX1,6,0,15
TCGA-UZ-A9PN-01Z-00-DX1,6,1,10
TCGA-UZ-A9PN-01Z-00-DX1,6,2,11
TCGA-UZ-A9PN-01Z-00-DX1,6,3,12
TCGA-UZ-A9PN-01Z-00-DX1,6,4,7
TCGA-UZ-A9PN-01Z-00-DX1,6,5,4
TCGA-UZ-A9PN-01Z-00-DX1,6,6,9
TCGA-UZ-A9PN-01Z-00-DX1,6,7,7
TCGA-UZ-A9PN-01Z-00-DX1,7,0,10
TCGA-UZ-A9PN-01Z-00-DX1,7,1,14
TCGA-UZ-A9PN-01Z-00-DX1,7,2,9
TCGA-UZ-A9PN-01Z-00-DX1,7,3,9
TCGA-UZ-A9PN-01Z-00-DX1,7,4,7
TCGA-UZ-A9PN-01Z-00-DX1,7,5,9
TCGA-UZ-A9PN-01Z-00-DX1,7,6,4
TCGA-UZ-A9PN-01Z-00-DX1,7,7,9
TCGA-XS-A8TJ-01Z-00-DX1,0,0,14
TCGA-XS-A8TJ-01Z-00-DX1,0,1,12
TCGA-XS-A8TJ-01Z-00-DX1,0,2,15
TCGA-XS-A8TJ-01Z-00-DX1,0,3,13
TCGA-XS-A8TJ-01Z-00-DX1,0,4,14
TCGA-XS-A8TJ-01Z-00-DX1,0,5,17
TCGA-XS-A8TJ-01Z-00-DX1,0,6,13
TCGA-XS-A8TJ-01Z-00-DX1,0,7,12
TCGA-XS-A8TJ-01Z-00-DX1,1,0,7
TCGA-XS-A8TJ-01Z-00-DX1,1,1,12
TCGA-XS-A8TJ-01Z-00-DX1,1,2,11
TCGA-XS-A8TJ-01Z-00-DX1,1,3,13
TCGA-XS-A8TJ-01Z-00-DX1,1,4,11
TCGA-XS-A8TJ-01Z-00-DX1,1,5,9
TCGA-XS-A8TJ-01Z-00-DX1,1,6,12
TCGA-XS-A8TJ-01Z-00-DX1,1,7,12
TCGA-XS-A8TJ-01Z-00-DX1,2,0,11
TCGA-XS-A8TJ-01Z-00-DX1,2,1,11
TCGA-XS-A8TJ-01Z-00-DX1,2,2,12
TCGA-XS-A8TJ-01Z-00-DX1,2,3,13
TCGA-XS-A8TJ-01Z-00-DX1,2,4,14
TCGA-XS-A8TJ-01Z-00-DX1,2,5,14
TCGA-XS-A8TJ-01Z-00-DX1,2,6,14
TCGA-XS-A8TJ-01Z-00-DX1,2,7,15
TCGA-XS-A8TJ-01Z-00-DX1,3,0,7
TCGA-XS-A8TJ-01Z-00-DX1,3,1,17
TCGA-XS-A8TJ-01Z-00-DX1,3,2,12
TCGA-XS-A8TJ-01Z-00-DX1,3,3,14
TCGA-XS-A8TJ-01Z-00-DX1,3,4,11
TCGA-XS-A8TJ-01Z-00-DX1,3,5,13
TCGA-XS-A8TJ-01Z-00-DX1,3,6,9
TCGA-XS-A8TJ-01Z-00-DX1,3,7,12
TCGA-XS-A8TJ-01Z-00-DX1,4,0,13
TCGA-XS-A8TJ-01Z-00-DX1,4,1,15
TCGA-XS-A8TJ-01Z-00-DX1,4,2,10
TCGA-XS-A8TJ-01Z-00-DX1,4,3,12
TCGA-XS-A8TJ-01Z-00-DX1,4,4,5
TCGA-XS-A8TJ-01Z-00-DX1,4,5,12
TCGA-XS-A8TJ-01Z-00-DX1,4,6,8
TCGA-XS-A8TJ-01Z-00-DX1,4,7,18
TCGA-XS-A8TJ-01Z-00-DX1,5,0,15
TCGA-XS-A8TJ-01Z-00-DX1,5,1,8
TCGA-XS-A8TJ-01Z-00-DX1,5,2,12
TCGA-XS-A8TJ-01Z-00-DX1,5,3,13
TCGA-XS-A8TJ-01Z-00-DX1,5,4,13
TCGA-XS-A8TJ-01Z-00-DX1,5,5,13
TCGA-XS-A8TJ-01Z-00-DX1,5,6,7
TCGA-XS-A8TJ-01Z-00-DX1,5,7,13
TCGA-XS-A8TJ-01Z-00-DX1,6,0,9
TCGA-XS-A8TJ-01Z-00-DX1,6,1,3
TCGA-XS-A8TJ-01Z-00-DX1,6,2,10
TCGA-XS-A8TJ-01Z-00-DX1,6,3,14
TCGA-XS-A8TJ-01Z-00-DX1,6,4,11
TCGA-XS-A8TJ-01Z-00-DX1,6,5,13
TCGA-XS-A8TJ-01Z-00-DX1,6,6,9
TCGA-XS-A8TJ-01Z-00-DX1,6,7,12
TCGA-XS-A8TJ-01Z-00-DX1,7,0,10
TCGA-XS-A8TJ-01Z-00-DX1,7,1,12
TCGA-XS-A8TJ-01Z-00-DX1,7,2,14
TCGA-XS-A8TJ-01Z-00-DX1,7,3,9
TCGA-XS-A8TJ-01Z-00-DX1,7,4,11
TCGA-XS-A8TJ-01Z-00-DX1,7,5,13
TCGA-XS-A8TJ-01Z-00-DX1,7,6,13
TCGA-XS-A8TJ-01Z-00-DX1,7,7,11
